varid;var.name;albania;algeria;angola;argentina;armenia;australia;austria;azerbaijan;bahrain;bangladesh;barbados;belgium;benin;bhutan;bolivia;bosnia and herzegovina;botswana;brazil;brunei darussalam;bulgaria;burkina faso;burundi;cambodia;cameroon;canada;cape verde;chad;chile;china;colombia;congo, democratic rep.;costa rica;c√¥te divoire;croatia;cyprus;czech republic;denmark;dominican republic;ecuador;egypt;el salvador;estonia;ethiopia;finland;france;gabon;gambia, the;georgia;germany;ghana;greece;guatemala;guinea;guyana;haiti;honduras;hong kong sar;hungary;iceland;india;indonesia;iran, islamic rep.;ireland;israel;italy;jamaica;japan;jordan;kazakhstan;kenya;korea, rep.;kuwait;kyrgyz republic;lao pdr;latvia;lebanon;lesotho;liberia;lithuania;luxembourg;north macedonia;madagascar;malawi;malaysia;mali;malta;mauritania;mauritius;mexico;moldova;mongolia;montenegro;morocco;mozambique;myanmar;namibia;nepal;netherlands;new zealand;nicaragua;nigeria;norway;oman;pakistan;panama;paraguay;peru;philippines;poland;portugal;puerto rico;qatar;romania;russian federation;rwanda;saudi arabia;senegal;serbia;seychelles;sierra leone;singapore;slovak republic;slovenia;south africa;spain;sri lanka;suriname;eswatini;sweden;switzerland;taiwan, china;tajikistan;tanzania;thailand;trinidad and tobago;tunisia;turkey;uganda;ukraine;united arab emirates;united kingdom;united states;uruguay;venezuela;vietnam;yemen;zambia;zimbabwe
y;global expendit;6,95211033727424;5,5370415507293;5,36132380958785;7,55709565534658;6,22386057070567;8,5657049868693;8,78014324032216;6,86869794758319;7,20203531738267;4,62426022882805;na;8,0185094894883;4,53980814303097;na;5,94758451955991;5,88200817196163;6,0443636448759;7,58292170629701;4,66211264456408;7,55548320866039;4,24046075611606;2,95394088371807;7,30900602756444;5,62922292993493;8,62604410472524;5,45898825431554;3,34133739873775;7,36997017882364;9,29692336560359;7,28814679720461;3,32421564933461;7,04224305878619;5,8340711107773;8,23131818902334;7,05781994845874;7,94833997032971;7,97067533802282;7,64749136103847;6,42570339084584;7,80220291199965;6,13294852230457;6,72349136790351;5,6086703109039;7,03274664448729;9,72215884916652;na;4,22365327205914;7,04158674276987;9,17360795766932;5,91680843469933;8,65268881393967;6,41471119267263;2,99246514780804;na;5,33159182602879;5,78413808896755;8,96785591655855;7,98856043416526;6,8259019030426;8,62872780928801;8,21018287546269;7,25698629546967;7,76393077655678;7,39172863573615;9,41106706799755;6,82023096862847;8,98991483667961;7,25112990234125;6,90947013516198;6,09808657745857;8,25300963254936;4,80327598990697;6,2917782619436;6,39407961118635;6,26664832910821;7,15019426748308;3,86346867993656;na;6,5228802504052;6,67769739280564;5,31435468153224;na;4,41509534432858;8,67711095188427;4,58766387588484;6,59306067208919;2,82930377283102;6,37016981749221;8,92340948946664;4,66612883893002;5,2687557505835;6,29108316590725;7,92665471556545;5,3380050310489;na;5,44912139707575;5,77234935769448;8,47128007958998;7,57586800163232;6,17672545346618;6,68261789384924;7,52840300612305;6,6175876136086;5,53080024489015;6,91410737414086;5,9730910383579;7,17493100008687;7,66513757288283;8,36771211260922;8,55980764401989;na;7,12947169228977;6,84355078298077;8,33877418073621;5,61101023201574;8,28827556470418;5,70140682883154;6,30417636787752;5,22756556721211;3,34641996123793;8,43786650368875;7,34784505915048;6,99395211515942;7,95756688149453;9,74635417536009;6,91943130498566;na;4,0710793164456;7,98715834211392;8,25810166821581;8,12142256283501;3,51759304575308;6,47457754004774;9,30950846433128;5,25253798415949;6,9637256177801;8,92697973424951;6,1187380248529;7,25390906048868;8,52159981946432;9,2664040114896;10,2099212878879;6,97305713610143;5,30528901576284;8,06023657259184;4,5643109099606;5,849243706873;5,55799063658817
ita;international tourist arrivals (thousands);4642,625;2451;261;6710,38993353822;1494,779;8815,3;29460,335;2454;4372;125;na;8358,06;281;na;1134;922,423;1574;6588,77;258,955;8883;143;299;5602,156;812;20794,064;667,693;87;6449,883;60740;4026,937;351;2959,869;1800;15592,899;3652,073;12808;11743;6187,542;1608,473;8156,58;1556,06884983691;3244,903;933;3180,662;86917,7;na;162;4069,354;37451,508;971,861;27194,183;1659,597;60;na;467,038;851,047;27884,543;15785;2224,074;15542,854;12948;4867;10338;3613,158;58253,0300807852;2352,915;28691,073;3843,53272630278;4559,5;1363,864;13335,758;203;4568;3256,846;1949,5;1856,795;320;na;2523,3;1045,883;630,594;na;837;25948,459;193;2273,83744463463;30;1341,86;39290,943;145,165;469,309;1877,212;11349,344;1447;na;1499;940,218;17924;3555;1787,26;1889;6252;2372;965,498;1843,266;1559,783;4032,339;6620,908;18258;21200;na;2256,49;2760,08;24390;932;16108,9676966401;1365;1497,173;349,861;53,713;13907,549;7620;3586,038;10285,197;81868,522;2116,407;na;921;6864,996;11133;10739,601;430,932;1275;35482,544;394,65;7051,813;37602,963;1402,409;14229,642;15790;37650,9672819999;76941,365;3674,06000329015;427;12922,151;366,7;1083;2423
itr;international tourism receipts (inbound us$, millions);1929,064423;140,507090047176;880,406625647714;5374,62166038589;1120,16908558844;41731,8742621244;20459,9967;3011,781;3642,12765957447;336,783042329426;na;12485,4444;123,339397645789;na;781,57645;826,186413309787;703,653604742382;5809,21377877;177,37333983484;4045,04676195056;121,653530938802;3,00794364551735;3636,22567805717;524,405092765333;20328,4716497391;430,934665375818;25,224243263944;3634,27964896164;32617,3428038346;4821,38666;6,01047137101906;3723,66470771;379,13912693461;10924,2422734524;3128,0990657345;6932,00155427855;7959,69225820493;7177,5;1656,87450626247;7774,9;872,81;1630,38304;435,3;3390,2297;60680,7058;na;103,309023738042;2704,33987166;39823,4286307;849,58;16527,714346;1565,7;16,38;na;459,451430632;714,8;33303,6922978218;6170,43594008746;3011,29061016682;27365,1001410037;12530,84;3713;5616,8684;6820,9;44233,2191963026;2809,47214285;34053,9932973888;4638,7323943662;1780,54484;919;13427,4;313,169855555349;428,6;760,820818451514;947,8183;7610,8;22,8201608688704;45,5797395336408;1321,025992;4552,12615;327,042992;na;31,0720485158591;18323,118080807;200,496394366375;1723,06340206;22,5;1747,68279335555;21336,198212;319,35;395,636970569881;1041,28555588286;7441,90215756591;150,5;na;187,637554552351;629,681300591094;16513,72866;10593,2298728751;840,5;2549,0945;5399,87910537981;1747,72431729519;351,6;4451,633088;602,596848;3710,0004632364;6985,86227974109;12772;17118,739495;na;5970,87912087912;2527,1389;8944,63;438,121251594688;12056,1281066667;368,361453068774;1345,56406873;482,691925607185;41,337152;19706,7907380922;2923,41242065833;2750,02871;8817,67864180849;68114,1318;3924,931808082;na;12,7885023096036;14142,2351301582;16273,8181663683;12315;7,6416;2339,2;57476,95;453,237543465732;1304,44217117704;22478;937,267017980624;1261;21048,3321987747;49048,7420407718;210747;2558,06096946067;473;8890;100;652,552188082429;149,154796
itrita;average spending per intl tourist (us$);396,500355278321;397,500355278321;398,500355278321;399,500355278321;400,500355278321;401,500355278321;402,500355278321;403,500355278321;404,500355278323;405,500355278324;na;406,500355278324;407,500355278324;na;408,500355278325;409,500355278325;410,500355278325;411,500355278326;412,500355278326;413,500355278326;414,500355278327;415,500355278327;416,500355278328;417,500355278328;418,500355278328;419,500355278328;420,500355278329;421,500355278329;422,50035527833;423,50035527833;424,50035527833;425,500355278331;426,500355278331;427,500355278331;428,500355278332;429,500355278332;430,500355278332;431,500355278333;432,500355278333;433,500355278333;434,500355278334;435,500355278334;436,500355278334;437,500355278335;438,500355278335;na;439,500355278335;440,500355278336;441,500355278336;442,500355278336;443,500355278337;444,500355278337;445,500355278337;na;446,500355278338;447,500355278338;448,500355278338;449,500355278339;450,500355278339;451,500355278339;452,50035527834;453,50035527834;454,50035527834;455,500355278341;456,500355278341;457,500355278341;458,500355278342;459,500355278342;460,500355278342;461,500355278343;462,500355278343;463,500355278344;464,500355278344;465,500355278344;466,500355278345;467,500355278345;468,500355278345;na;470,500355278346;471,500355278346;472,500355278347;na;473,500355278347;474,500355278347;475,500355278348;476,500355278348;477,500355278348;478,500355278349;479,500355278349;480,500355278349;481,50035527835;482,50035527835;483,50035527835;484,500355278351;na;485,500355278351;486,500355278351;487,500355278352;488,500355278352;489,500355278352;490,500355278353;491,500355278353;492,500355278353;493,500355278354;494,500355278354;495,500355278355;496,500355278355;497,500355278355;498,500355278356;499,500355278356;na;500,500355278356;501,500355278357;502,500355278357;503,500355278357;504,500355278358;505,500355278358;506,500355278359;507,500355278359;508,500355278359;509,50035527836;510,50035527836;511,50035527836;512,500355278361;513,500355278361;514,500355278361;na;515,500355278362;516,500355278362;517,500355278362;518,500355278363;519,500355278363;520,500355278363;521,500355278364;522,500355278364;523,500355278364;524,500355278365;525,500355278365;526,500355278365;527,500355278366;528,500355278366;529,500355278366;530,500355278367;531,500355278367;532,500355278367;533,500355278368;534,500355278368;535,500355278368
ttindgdp;t&t industry gdp (us$ million);1378,579;5544,058;1328,002;19130,88;502,7543;42562,39;35298,81;1662,483;2562,527;5937,544;na;11829,38;215,714;na;1115,129;541,3801;894,1419;55845,52;174,4865;2026,921;248,1537;67,74034;3526,242;1278,543;33995,69;354,0854;141,6129;9401,259;382287,3;6518,768;272,6985;3038,012;2167,403;6685,057;1669,994;6544,42;8221,427;4381,377;2929,418;15418,49;1156,636;1110,58;3218,499;5628,97;109404,9;na;95,50276;1703,475;138987,8;1496,546;18309,94;2148,192;207,1061;na;264,9868;1285,874;16869,33;4021,189;2346,937;96427,4;19773,11;10735,32;7311,507;6147,107;117336,8;1604,6;119016,9;2283,516;2998,379;3015,646;14936,16;3360,7;110,7843;715,197;1230,162;3836,975;202,1359;na;947,9981;2872,747;246,9455;na;249,3068;17149,34;679,7814;794,9612;na;1096,775;97749,95;103,2077;426,9943;567,2457;9943,208;453,3513;na;447,9305;1017,533;15744,61;11798,88;713,3584;6971,929;15209;3416,234;8000,153;3596,228;560,932;8522,776;40928,23;11168,03;16904,99;na;6171,68;3687,65;19399,98;623,0978;23844,3;803,4121;1154,752;432,0534;80,31318;13714,25;2750,127;1889,367;10499,09;78464,02;5102,713;na;115,1636;13471,96;19079,06;10699,83;221,028;2265,162;48863,1;779,5673;3265,902;33783,9;914,5824;1794,459;22059,35;105283,6;554872,9;5534,021;3138,652;14628,56;845,0152;811,3219;422,4195
ttindempl;t&t industry employment (1,000 jobs);91,54779;300,7227;136,8735;628,8937;36,94562;567,9139;392,6837;160,7182;36,38788;1180,492;na;112,81;75,59816;na;114,8587;25,68961;30,66761;2442,767;5,128008;93,0257;60,67408;32,84916;1347,366;278,4886;751,8441;35,25529;23,78182;272,3643;28660,2;505,6764;142,3155;108,1332;324,7769;140,8841;24,06655;218,2422;66,39452;222,2216;199,7216;1155,993;112,2028;26,62857;924,4413;56,18612;1296,696;na;41,72891;151,2666;3065,317;260,6512;485,4745;158,2008;46,32306;na;101,4141;192,7221;196,6428;221,0256;15,17838;26741,65;4649,291;468,1729;45,99848;74,88859;1543,149;115,6585;1230,015;84,69331;186,1662;402,0145;301,25;52,46317;32,36926;109,9921;32,76886;144,2674;48,32356;na;25,21805;15,73426;13,49789;na;228,3047;687,1306;87,8035;26,29262;na;40,56048;4568,383;10,26834;39,20536;13,00735;834,4785;262,3623;na;41,24397;453,8799;428,4075;224,5067;111,6059;1254,384;158,8587;108,8894;1484,174;118,8918;32,69003;398,3717;2935,6;332,4815;389,1962;na;114,2648;222,4514;839,2503;171,3759;621,5254;191,5088;44,27066;12,52154;21,30931;173,0932;68,47157;34,19091;687,2959;958,0882;473,4313;na;7,01259;179,196;172,9813;289,8562;70,61985;492,1474;2436,29;21,8143;260,5424;532,0695;264,3871;206,159;335,2722;1697,349;5793,427;150,4351;430,8091;2547,912;62,93707;118,598;21,98444
ttindgdpshare;t&t industry share of gdp (% of total gdp);8,795226;3,201;1,352497;3,71984;3,928393;3,004889;7,705976;3,680031;5,996256;2,203036;na;2,210837;2,040569;na;2,742922;2,758169;4,728473;2,966568;1,260775;3,105984;1,584053;1,968747;14,46288;3,301267;1,959602;18,39339;1,28471;3,16978;2,785737;1,92212;0,579668;5,070607;4,757365;10,93028;6,858777;2,668901;2,367719;5,414271;2,756982;6,19939;4,467802;3,768171;4,111179;2,04107;3,929096;na;8,330194;10,09112;3,458865;2,336369;8,477209;2,714602;2,019697;na;2,673843;5,292817;4,635694;2,591651;8,986435;3,601763;1,896454;2,475176;1,943775;1,641791;5,626479;10,55958;2,386801;5,236064;1,83541;3,350171;0,9181384;2,554435;1,37272;3,916424;3,588607;7,024735;7,078193;na;1,803829;4,144194;1,955831;na;3,491422;4,827184;3,917253;5,631766;na;7,588425;8,042298;0,9564783;3,275476;10,38182;8,332522;3,228837;na;3,219804;3,597796;1,720503;5,908952;5,2867;1,857439;3,492918;4,509344;2,837477;5,771619;1,34035;3,709484;12,37987;1,905382;7,097009;na;3,264936;1,535024;1,185877;6,471874;3,302797;4,339049;2,416654;27,21922;1,935705;3,971433;2,568152;3,442441;2,810716;5,416776;5,740473;na;2,536394;2,432829;2,694272;1,811746;3,023242;3,986837;9,617188;2,93191;8,047027;4,287418;3,171211;1,438901;5,475304;3,709381;2,707472;9,129972;3,727964;6,015519;2,4931;3,139535;2,368955
ttindemplshare;t&t industry share of employment (% of total employment);8,036641;2,758751;1,176879;3,317063;3,369005;4,507862;8,738103;3,336667;5,649936;1,895014;na;2,36389;1,648247;na;2,354019;3,212525;3,239851;2,657862;2,440255;2,937856;1,319577;1,688877;14,62733;2,69986;4,032649;16,42224;0,9301567;3,248533;3,686811;2,239784;0,4517318;5,192161;4,052919;10,0429;6,279169;4,244772;2,376673;4,87;2,552069;4,399047;3,97671;4,024392;3,517811;2,157428;4,601242;na;6,55184;8,576092;6,834875;1,911434;12,71898;2,376344;1,810118;na;2,251067;4,580329;5,076406;4,921124;7,636209;5,065691;3,697352;1,874272;2,040527;1,917479;6,628221;9,500867;1,847193;7,028114;2,155223;3,08847;1,123681;2,391735;1,321291;3,325566;3,612268;6,729542;6,804404;na;1,851313;5,902325;1,79105;na;2,924216;4,642103;2,250631;11,35185;na;7,413413;8,572687;0,8155728;3,213055;6,829651;7,22706;2,650083;na;5,298036;2,891279;5,582611;9,295615;4,038517;1,734135;5,896199;4,767528;2,413683;6,17564;1,035701;2,333227;7,07264;2,02461;8,10427;na;5,57634;2,644064;1,167104;5,435613;4,738468;3,756689;2,077645;26,81641;1,705981;4,691422;2,673946;3,940907;4,209089;4,964643;5,729409;na;1,998904;3,509528;3,423811;2,536373;2,861803;3,55346;6,458576;3,515049;7,435825;1,846488;2,669306;1,269898;5,251405;4,812277;3,719376;9,061991;3,220241;4,710348;1,141182;1,913375;1,362203
constpermdays;time required to deal with construction permits;299;136;173;341;98;121;222;116;174;273,5;na;212;88;na;322;193;102;434;83;97;121;70;652;135;249;108;226;195;155,1;132;122;135;162;146;507;246;64;206;132;173;314;103;134;65;183;na;144;63;126;170;123;230;151;na;98;94;72;192,5;84;94,8;200,1;130;149,5;207;227,5;141,5;175;66;101,5;159;27,5;231;142;92;192;277;183;87;74;157;91;na;153;54;124;170;104;98;82,1;276;137;152;88;118;na;160;117;161;93;225;110,2;110,5;172;262,8;105;121;187;122;153;160;na;58;260;193,8;113;91,5;177;106;138;182;41;300;247,5;155;147;87;na;116;117;156;82;182;184;118;253;95;103;114;85;50,5;86;80,6;251;434;166;184;189;208
constpermcost;cost (% construction cost) to deal with construction permits;5,6;7,8;0,4;2,9;1,4;0,7;1,2;1,9;3,9;1,8;na;0,9;2,9;na;1,3;16,3;0,4;0,7;1,9;3,8;4,7;10,7;3,3;13,4;1,8;1,1;12;1,3;2,9;7,1;15,8;1,9;5,2;10,9;1;0,2;1,3;2,6;1,9;1,6;5,7;0,2;14,4;0,9;3;na;2;0,3;1,2;4,6;1,9;6,3;1,6;na;20,9;6,9;0,6;0,8;0,4;5,4;4,4;6,6;4,2;1,8;3,5;1,6;0,5;12;2;4,7;4,4;1,2;1,5;4,9;0,5;7,1;11,7;38,1;0,3;0,7;3,7;na;10;1,4;5,9;2;4,2;0,5;9,7;1,4;0,1;9,6;3,4;6,5;na;2,2;14,8;3,7;2,2;5,5;21,5;0,6;1,4;9;3,6;1,6;1,2;2,5;0,3;1,2;na;2;2,1;1,2;12;2,1;9,8;1,7;0,3;21,4;3,4;0,2;2,8;2;4,8;0,3;na;3,5;2;0,7;0,4;2;6;0,7;0,1;5,9;3,9;8,1;6,3;2,3;1,1;0,8;1,1;3,7;0,7;1,1;2,6;22,7
startbusdays;no. days to start a business;5;17,5;36;11;3,5;2,5;21;3,5;8;19,5;na;4;8;na;43,5;81;48;20,5;5;23;13;4;99;13;1,5;18;58;6;8,6;11;7;23;6;22,5;6;24,5;3,5;16,5;48,5;11;16,5;3,5;32;17;3,5;na;25;2;8;14;12,5;15;15;na;97;13;1,5;7;11,5;16,5;19,6;72;5;12;6;3;11,2;12;5;23;4;35;10;174;5,5;15;29;18;5,5;16,5;14;na;37;13;11;16;6;5;8,4;4;11;12;9;17;na;66;16,5;3,5;0,5;14;10,9;4;6;16,5;6;35;24,5;31;37;6,5;na;7,5;35;10,1;4;17;6;5,5;32;8;1,5;26,5;8;40;12,5;9;na;30;7;10;10;11;27,5;4,5;10,5;8;7;24;6,5;3,5;4,5;5,6;6,5;230;17;40;8,5;32
startbuscost;cost (% gni per capita) to start a business;11,3;11,8;13,9;5,3;0,8;0,7;4,8;1,3;1,1;21,2;na;5,4;3,5;na;46;14,9;0,6;5;1,2;1,1;42,5;10,7;47,4;24,6;0,3;14,4;172,3;5,7;0,4;14;26,7;9,5;2,7;6,6;11,9;1;0,2;14,1;21,2;40,3;45,1;1,1;52,7;0,8;0,7;na;120,9;2,2;6,7;15,5;1,5;18,1;38,2;na;200,3;40,7;1,1;4,9;1,7;14,4;6,1;1,2;0,1;2,8;14,1;4,4;7,5;23,9;0,3;24,9;14,6;2;1,9;6,6;1,6;40;7,1;12,6;0,5;1,7;0,9;na;38,6;11,6;56,8;7,1;16,2;0,9;16,2;5;1,3;1,3;3,7;120,5;na;10;22,2;4,2;0,2;63,6;27,6;0,9;3,7;6,8;5,4;40,3;9,9;20,3;11,8;2;na;7,1;0,4;1,1;14,8;6,6;32;2,2;13,4;8,4;0,4;1;0;0,2;4;9,4;na;14,8;0,5;2,3;1,9;18;58,7;3,1;0,7;4,3;10,6;33,6;0,6;22,8;0;1;22,6;391,3;5,9;118,8;32,8;110,7
corptaxrate;total tax rate, % profits;37,3;66;49,1;106;18,5;47,4;51,5;40,8;13,8;33,4;na;57,7;57,4;na;83,7;23,7;25,1;65,1;8;27,7;41,3;41,2;21,7;57,7;20,5;37;63,5;34;64,9;71,9;54,6;58,3;50,1;20,5;22,2;46,1;23,8;48,8;32,3;46,4;35,6;48,7;37,7;37,3;60,4;na;51,3;9,9;49;32,4;51,9;35,2;61,4;na;42,7;44,4;22,9;40,3;29,4;52,1;30,1;44,7;26;26,2;53,1;35,1;46,7;28,6;29,4;37,2;33,1;13;29;24,1;36;31,1;13,6;45,5;42,6;20,5;13;na;34,5;39,2;48,3;44;67;22,1;53;40,5;24,7;22,2;49,8;36,1;na;20,7;36,7;40,8;34,6;60,6;34,8;37;27,4;34,1;37,2;35;36,8;42,9;40,7;39,8;na;11,3;40;46,3;33,2;15,7;45,1;36,6;30,1;30,7;20,6;49,7;31;29,1;47;55,2;na;35,7;49,1;28,8;34,6;67,3;44;29,5;39,7;60,2;40,9;33,7;41,7;15,9;30;43,8;41,8;64,6;37,8;26,6;15,6;31,6
labortaxrate;labour and contributions tax rate (% profits);18,8;31,1;9;29,3;0;21,1;33,8;24,8;13,5;0;na;46,2;26,4;na;18,8;13,6;0;39,4;7,9;20,8;21,4;10,2;0,5;18,3;12,6;18,1;28,4;5,1;45,4;18,6;12,6;32,7;23,3;19,4;13;38,4;4;18,6;13,7;28,8;17,4;38,8;12,4;23,9;49,7;na;12,7;0;21,5;14,7;28,3;14,3;28,6;na;12,4;3,3;5,3;29;17,4;20,3;11,6;25,9;12,2;5,8;34,8;13,4;18,6;16,1;11,3;1,9;13,5;13;19,5;6,8;26,6;24,5;0;5,4;35,2;15,6;0;na;12,4;16,4;34,3;11,1;10,3;8,1;26,9;31,3;12,4;13,4;23,3;4,5;na;1,9;19,9;19,9;2,8;23,7;13,5;15,9;13;14,8;20;18,6;11;8,7;25,2;26,8;na;11,3;25,8;36,4;6;13,5;23,6;20,2;2,3;11,3;17,8;39,7;18,2;4;35,7;16,9;na;6,4;35,4;17,7;18,7;28,5;17,5;5,4;9,4;25,3;20,3;11,3;29,6;14,1;10,8;9,8;15,6;18;24,5;11,3;10,4;5,6
proftaxrate;profit tax rate (% profits);14;8,2;21,5;3,9;17,6;26;17,1;14;0;31,1;na;10,9;10;na;0;8,4;21,5;22,4;0,1;4,9;16,2;28,5;19,4;38,9;3,9;18,5;31,3;26,2;11,5;21,7;27,5;19,2;8,8;0;8,1;5,2;17,1;29,1;16,1;13,2;16,9;7,9;24,6;11,9;0,3;na;6,1;7,8;23,2;17,7;23;20,2;0;na;22,8;31,1;17,5;9,1;9,1;21,7;18,1;18,4;12,4;18,8;16,8;13,6;24;10,5;16,2;30,1;18,2;0;6,4;16,4;6,4;6,2;10,8;35,4;5,9;4,2;11;na;20,4;21,8;10,1;32,3;0;10,3;25,1;8,9;10,3;8,3;25,1;30,8;na;16,7;16,1;20,5;29,9;17,3;21;20,8;14,4;18,2;12,4;9,6;22,7;20,3;14,5;12,5;na;0;12,3;7,4;25,7;2,2;16,2;13;18,8;18,5;1,7;9,1;12,7;21,8;10,6;1,2;na;25,3;13,1;9,3;12,5;17,7;20,8;22,2;25;13,1;18,1;22,3;11;0;17,3;27,9;23,6;9,4;13,2;13,8;2;17,6
othtaxrate;rate of other taxes (%) of profits;4,4;26,7;18,6;72,8;0,8;0,3;0,6;2;0,3;2,3;na;0,6;21;na;64,9;1,7;3,6;3,3;0;2;3,6;2,5;1,8;0,5;4;0,4;3,8;2,6;8;31,6;14,5;6,4;17,9;1,1;1,1;2,6;2,8;1,1;2,5;4,4;1,4;2;0,7;1,5;10,5;na;32,5;2,1;4,3;0;0,6;0,7;32,8;na;7,5;10;0,1;2,1;2,9;10,1;0,4;0,4;1,4;1,5;1,6;8,1;4,1;2;1,9;5,2;1,4;0;3,1;0,9;3;0,4;2,8;4,8;1,5;0,8;1,9;na;1,7;1;3,9;0,5;56,7;3,7;0,9;0,3;2;0,5;1,4;0,8;na;2,2;0,6;0,4;1,8;19,6;0,3;0,2;0;1,1;4,8;6,7;3,2;14;1;0,5;na;0;1,9;2,5;1,5;0;5,3;3,4;9,1;1;1,1;0,9;0,2;3,3;0,7;37,1;na;4,1;0,6;1,8;3,4;21,1;5,7;1,9;5,3;21,8;2,5;0,1;1,1;1,8;1,9;6,1;2,6;37,1;0,1;1,6;3,1;8,3
terrorismincidence;index of terrorism incidence, 1-7;6,99404449462891;6,89237655639648;6,71996124267578;6,99080673217773;6,99362976074219;6,9541471862793;6,99258056640625;6,98402816772461;6,88504776000977;6,15606781005859;na;6,88007690429687;7;na;7;6,9930891418457;7;6,98826843261719;7;6,9966716003418;6,76959884643555;6,47670974731445;6,99980545043945;5,79457824707031;6,92849273681641;7;6,77187484741211;6,94792755126953;6,78455810546875;6,13434783935547;5,38455978393555;7;7;6,99967224121094;6,99520080566406;6,98887130737305;6,99334136962891;6,99173828125;6,9861279296875;3,49865585327148;7;6,99915679931641;6,69188201904297;6,97884765625;6,54780548095703;na;7;6,98281188964844;6,80525909423828;6,99855163574219;6,83970489501953;6,99867706298828;6,99576019287109;na;6,99612457275391;6,99213150024414;7;6,99707214355469;6,99980545043945;2,57931407928467;6,80932495117188;6,85523040771484;6,93321411132813;6,65162445068359;6,95854125976563;6,99616668701172;6,97895294189453;6,92825103759766;6,98785095214844;6,21823028564453;6,9981575012207;6,9552783203125;6,98570129394531;6,98278442382813;6,99831359863281;6,54886978149414;6,99868804931641;6,99811950683594;7;7;6,99433288574219;na;6,99831359863281;6,95552642822266;5,63729705810547;6,99201385498047;7;7;6,88566345214844;6,99915679931641;7;6,99938385009766;6,9995783996582;6,76435974121094;na;7;6,37845306396484;6,98885894775391;6,99896270751953;6,99683959960938;1,00094684191048;6,99831359863281;7;1;6,99915679931641;6,93334594726563;6,94401458740234;2,60028285980225;6,99547180175781;7;na;6,9990007019043;7;6,58873504638672;6,98091857910156;6,3451237487793;6,99602935791016;6,99600189208984;7;6,9929426574707;7;6,99800094604492;7;6,82149917602539;6,89749206542969;6,89795349121094;na;7;6,90829162597656;6,99896270751953;6,99477005004883;6,98374298095703;6,94674377441406;5,19541458129883;6,99928680419922;6,85975311279297;3,54969444274902;6,89713729858398;5,55101821899414;6,99924697875977;6,29751953125;5,99683013916016;6,99768829345703;6,89764953613281;7;2,01195503234863;6,9966276550293;6,99187652587891
homicidert;homicide cases/100,000 population;2,69892642173124;1,35936601175656;4,84934940219914;5,94256445075001;2,97812576892127;0,941156077816376;0,655219649857976;2,14125174818278;0,523796446714562;2,50308797930552;na;1,94898271961049;6,18276348053584;na;6,30019121723221;1,27536321919362;15,0382209040204;29,5279564980517;0,492955663567619;1,13604201279716;0,369948600335361;6,02052199689205;1,84345922096239;4,17410119150193;1,68410454480005;11,485829080489;9,04030029259613;3,46278280351677;0,615600711867487;25,5043261481876;13,5463883986769;11,9049816045378;11,6305242937309;1,04463447717326;1,11086766968333;0,612647102224448;0,980681382327848;15,1817049032059;5,85376668216684;2,51328794238893;82,8422574998953;3,19313688445634;7,56161239607092;1,41776937618147;1,35218684619834;na;9,1285077952963;0,989617039520534;1,17619285124739;1,68379681134263;0,750351338615176;27,2550190750763;8,8245801020433;na;10,0396434711703;56,5157030911214;0,383242082937146;2,07149933788933;0,300447727203078;3,22369940894267;0,495067928676664;2,46903843655181;0,802079598210467;1,36399477862799;0,6730631628183;47,0110584314125;0,283523310660032;1,54762769807009;4,8057291051631;4,87343584003748;0,701114184271391;1,79646573344689;4,48538460106653;7,00998205574848;3,36233472493844;3,99310182314494;41,2481117607702;3,2284578756795;5,2468664376198;0,719015811157687;1,58845147641751;na;1,73320937883702;2,11063326942412;10,9031759769703;0,935418693407169;9,94168576161054;1,82194496268657;19,2639600963009;3,19415106712902;5,65592151830071;4,45561743559485;1,23838753093742;3,4043058253527;na;17,1383088022884;2,16377918674121;0,553362904105035;0,98539426719513;7,36712463727482;9,84834985830581;0,514305228495527;0,656412327928451;4,40839526553216;9,6695905855676;9,29340172995845;7,66596452728077;11,0198282378041;0,670146170293168;0,635932841791934;na;0,379040093597634;1,24880125191567;10,8161823951361;2,51944335263789;1,49569935733094;7,37558521356155;1,3942721396133;12,7368794220853;1,7134112428795;0,320557936074194;1,04745985472283;0,481639841093531;33,9709570254924;0,633484517789215;2,54954291025032;na;17,292364838969;1,07776286849882;0,536357442139488;0,8175168309471;1,61208830815042;6,95249255674053;3,2394372444387;30,8802639821424;3,04960158608676;4,31273398945448;11,5184535514305;6,338642687392;0,893811105450068;1,2024106683055;5,35332509511324;7,69427045714884;56,3333199127918;1,5183932885496;6,65850234447314;5,29794348491766;6,66855824411219
physdens;number of physician/1,000 pop;1,1998;1,83;0,2149;3,96;2,803;3,5874;5,23;3,402;0,922;0,5268;na;3,3234;0,153;na;1,6111;1,886;0,3688;2,1499;1,746;3,999;0,06;0,05;0,143;0,0898;2,6102;0,788;0,0475;1,08;1,812;2,0835;0,09;1,15;0,2326;2,9962;1,9511;4,314;4,4567;1,56;2,05;0,7902;1,569;3,4651;0,1;3,808;3,238;na;0,107;5,0976;4,2087;0,18;4,592;0,355;0,075;na;0,2345;0,3144;1,93;3,2312;3,9701;0,7776;0,3777;1,14;3,0861;3,2176;4,0931;1,3199;2,4118;2,3436;3,274;0,204;2,3661;2,608;1,854;0,491;3,1946;2,271;0,0676;0,0373;4,337;3,0266;2,875;na;0,0157;1,533;0,1393;3,908;0,179;2,003;2,2478;3,198;2,8866;2,343;0,7273;0,0735;na;0,374;0,6507;3,5067;3,0252;1,0056;0,3827;4,6336;1,9697;0,978;1,5699;1,366;1,27;1,275;2,3998;3,3356;na;1,964;2,2586;4,0139;0,1346;2,39;0,068;3,125;0,9458;0,025;2,276;2,4643;2,9953;0,9101;4,0691;0,958;na;0,0796;5,3996;4,248;1,96663499952718;1,714;0,022;0,8096;2,6697;1,2722;1,749;0,093;3;2,3944;2,8058;2,5948;5,0499;1,73;0,821;0,311;0,091;0,077
sanituse;% pop. using at least basic sanitation services;97,6906553407196;87,4876863565245;39,4294228407207;94,8398814623159;91,5827666523109;100;99,9733750252992;89,3490808342493;100;46,9245932298846;na;99,4860606074059;13,9301122458203;na;52,6140267297645;94,7820992357338;59,9559063382571;86,1483520518868;96,3304052166744;85,9811123144257;22,5320811837064;50,4603170659462;48,8254492739503;38,8349851336722;98,5;65,2069638901171;9,54838784300001;99,8882096998596;75,0372785640484;84,4391972018127;19,7136866282261;97,1485496011427;29,9318380607918;97,4661284549188;99,3696608636364;99,1361601834767;99,5972302049963;82,6969817385066;86,1382159564663;93,1694798363426;91,1250736675765;99,6088323567771;7,07891807037814;99,4479246365466;98,6520040281974;na;41,6937609285644;84,8767172511691;99,2191240987435;14,2795059315063;98,963963960248;67,3629203513917;21,9522720308296;na;30,5437907368745;79,7764469724492;96,3;97,9895314811073;98,7774415584416;44,1511227474094;67,8866081615617;88,2898219273923;92,1779516646465;100;99,2814443535047;85,3737138329285;100;96,7080580189692;97,8053079676789;29,8446798143212;99,8875371411673;100;96,5860782710499;72,5942868258935;92,8639822985734;95,3593653846154;43,7911060817367;16,8894778100142;93,6218408701642;97,6109826089049;90,9112030081396;na;43,5296054458213;99,5740067348454;31,2683340364895;99,9613567330935;44,620624337663;93,1491330307737;89,2183925478189;78,3989439784143;59,2215302978577;95,9086871225424;83,466067685051;23,5607321813144;na;33,8367672410459;46,1265905988497;97,7269662736924;100;76,3491852264727;32,6009570010436;98,058581;99,3180758329449;58,2514042303625;76,8670403816548;91,2222248232763;76,8155252041991;74,9769045018806;98,132712948205;99,4421427694835;na;100;81,8127185852255;88,7866980173266;62,347825035946;100;48,3581363309709;94,6428893924397;100;14,5358850126151;100;98,9281762026829;99,1072707914585;73,1288243746002;99,904360213099;94,2066736915871;na;58,0258356936934;99,3035336149085;99,8910420290722;100;95,4921415082503;23,5340659681287;95,0112971742745;92,1465186816669;93,12782840139;96,3726935097639;19,1509545941021;95,9378423629638;99,9772005230483;99,1127094684052;99,9695508558175;95,6749108950545;94,9343895728997;78,2374478111703;59,6826798947368;31,1118098821014;38,5886188198639
wateruse;% pop. using at least basic water sanitation services;91,3943331635801;93,4664265273344;41,0058676167972;99,6273001896653;98,9236524346622;99,96870195;100;84,3778721395599;100;97,3271424809628;na;100;67,0172867018849;na;92,8816263578936;97,6601861252389;79,1739852456857;97,4979425710048;99,513212;99,2556350774102;53,85759551611;55,9341198142855;74,9707956520782;65,2799662849759;98,9;86,4593527322802;42,5376044742954;100;95,8180286239851;96,5220296857553;41,8379936166031;99,6978166775;73,0574155684606;99,5859008888889;100;99,8796801882532;100;94,4770735981847;92,609932220147;98,3574991600019;93,0130709637454;99,6145048645163;39,1242615806378;100;100;na;80,0585980182389;93,2635269362499;100;77,7993023643858;100;93,5976974703343;67,3725473160771;na;64,1743189771298;92,1787210188606;100;99,9712522740424;100;87,5591401561859;89,5240304134351;94,8661997321043;98,9216390946667;100;100;92,9185463575638;98,9455414012739;98,5666801817343;91,1455900251713;58,456776723262;99,5949244255632;100;87,2686387002841;80,4473555098206;98,5955608150605;92,2581923899159;71,5928717462891;69,9004765811606;97,3808700401044;99,9508;96,774045924671;na;67,195084684659;96,4338056453389;74,2680495845625;100;69,6076787256982;99,8652241482882;98,3104711547879;86,6933449669733;83,2198931428692;97,6275667981115;82,9699953172099;47,2587451084818;na;78,7872085987443;87,7466680925844;100;100;82,2561704559774;67,3449676717969;100;90,943688;88,5455563204491;95,0002247256715;98,8853415706399;89,8676383513503;90,5029776028096;97,8885955;99,9045696803978;na;100;100;96,3750570074426;56,710107974238;99,9928926281705;75,1886316603243;91,1824531642154;96,2508914977986;58,0913967160309;100;97,925558;99,5232803382862;84,6972654716157;99,9434104888889;92,311864289308;na;67,6260887692688;100;100;94,14;74,1397295638205;50,1452800137052;98,2311448341909;96,9405590651792;94,2302179632417;98,8993534185424;38,9214658679184;97,7317795623748;99,6307645789521;100;99,2004346111735;99,2491110120541;97,4172239371494;91,1917662383792;70,3588632343168;61,2253075915602;66,5631013091956
hospbed;hospital beds/10,000 pop.;29;19;na;50;42;38;76;47;20;8;na;62;5;na;11;35;18;22;27;68;4;8;8;13;27;21;1,42190111748437;22;42;15;na;12;2,8;56;34;65;25;16;15;16;13;50;3;44;65;na;11;26;83;9;43;6;3;na;7;7;53,7;70;32;7;12;15;28;31;34;17;134;14;67;14;115;20;45;15;58;29;na;8;73;48;44;na;13;19;1;47;na;34;15;58;70;40;11;7;na;27;3;47;28;9;na;39;16;6;23;13;16;10;65;34;na;12;63;82;16,7293105012033;27;3;57;36;na;24;58;46;22,8441930501707;30;36;na;21;26;47;56,91;48;7;21;30;23;27;5;88;12;28;29;28;8;26;7;20;17
hivprev;hiv prevalence, % adult pop.;0,1;0,1;1,9;0,4;0,2;0,1;0,1;0,1;0,1;0,1;na;0,202672939126;1;na;0,3;0,00156815033306;22,8;0,6;0,145889761996;0,1;0,8;1,1;0,5;3,7;0,28689070139;0,6;1,3;0,6;0,0496007721014;0,5;0,7;0,4;2,8;0,0201807337522;0,1;0,1;0,1;0,9;0,3;0,1;0,6;0,7;0,9;0,0484729918724;0,5;na;1,6;0,4;0,2;1,7;0,2;0,4;1,5;na;1,9;0,3;0,002764970400729;0,1;0,150812719986;0,2;0,4;0,1;0,2;0,185144919109;0,2;1,8;0,1;0,006419690559;0,2;4,8;0,0445967515677;0,1;0,2;0,3;0,365550290775;0,1;23,8;1,4;0,2;0,3;0,1;na;9,6;0,4;1,2;0,141103431742;0,3;0,526229314726;0,3;0,6;0,1;0,1;0,1;12,5;na;12,1;0,2;0,2;0,1;0,2;2,8;0,1;0,104814840354;0,1;1;0,5;0,3;0,1;0,0512062192355;0,6;na;0,1;0,1;1,2;2,7;0,0252798119576;0,4;0,1;0,102992945145;1,4;0,2;0,1;0,1;18,8;0,4;0,1;na;27,4;0,0611936211919;0,222526192495;0,0329367609798;0,3;4,5;1,1;1,1;0,1;0,00878110775578;5,9;0,9;0,022941135836;0,184901266509;0,490745511484;0,6;0,504618555993;0,3;0,0379339613723;11,5;13,3
malariapc;malaria cases/100,000 pop.;0;0;15496,831623897;0;0;0;0;0;0;19,9939586957873;na;0;36791,445505885;na;58,9236374270784;0;130,429185766681;104,128144243224;0;0;41199,4218215123;19449,7324341634;1301,2692675141;30379,9584397201;0;77,4177962100054;18654,286086673;0;0;163,774580046;30762,0993548586;0,244610167833151;13885,6601387946;0;0;0;0;3,76149310286123;7,66924028325301;0;0;0;2540,98628211509;0;0;na;5667,22096039601;0;0;27069,2482869739;0;28,0190297634937;33672,2763209431;na;291,506666287838;18,2945171170302;0;0;0;716,109788220865;579,778787925254;0,07022923388703;0;0;0;0;0;0;0;7083,28841368427;0,855200107017702;0;0;302,004982382314;0;0;0;19259,3135792158;0;0;0;na;23109,8607692459;0,26878090782807;38616,119521667;0;5390,54482799811;0;0,569821409608719;0;0;0;0;33792,435686224;na;3536,63460274774;13,0660341464031;0;0;220,519809791009;28114,9361400259;0;0;485,382016172985;19,7141208490247;0;219,94071533693;14,5380085286346;0;0;na;0;0;0;50557,1283788294;0,537369804328475;6462,13516917945;0;0;37971,4963817363;0;0;0;39,7005138657355;0;0;na;52,9528529446614;0;0;0;0;11303,1289329949;15,9956540721882;0;0;0;20065,6347654985;0;0;0;0;0;1623,37902972777;5,73681592355886;2700,82691154136;20331,6717881134;7498,11039366365
enrol1net;primary education enrollment, net %;96,50314;97,54668;77,45058;98,99401;92,02934;96,67783;98,0999999999999;93,7475;97,4126;90,50189;na;98,29369;97,03366;na;91,88525;97,527;89,04661;95,47144;93,79535;91,20163;76,42373;96,63138;90,56157;95,20049;99,96224;86,20393;74,20576;94,779;99,8;91,2692;87;96,60978;85,95877;87,45562;97,36852;98,9108723278126;98,69361;92,87434;91,34875;97,01772;80,56424;93,48397;85,43871;99,05899;98,55767;na;78,55461;97,93477;98,82815;83,58567;92,90618;85,59282;76,76458;na;na;83,32061;97,21325;91,39128;99,45437;92,25011;91,91315;98,59657;95,87164;97,0222;96,90515;98;98,23516;89,19844818;87,58619;81,82745;96,14202;87,30606;89,90423;93,34074;96,30354;86,30347;80,89926;36,75459;98,28579;95,5354;91,71095;na;96,25452;98,60314;61,20683;97,5698;75,7346;95,8075;95,25063;86,50643;97,87676;95,83619;96,80065;87,53715;na;97,02682;94,69564;97,32553;99,12018;96,95224;64,10465;99,87784;94,12076;76,45031;87,20925;77,953;96,55621;94,9618;94,9783;96,28771;na;94,40015;86,56465;96,98201;93,93462;97,3903;74,11337;95,17741;94,90045166;98,31896;99,45667;97,8844081952471;97,7027;84,31718;98,46452;99,11166;na;75,74791;99,35069;93,53813;99,2;97,73009;79,86929;98,01958;95,23794;98,56731;94,345;90,85496;92,43896;94,5949;99,72931;95,07325;98,03885;83,99457;97,96511;83,08869;84,06456;84,7939
enrol2gr;secondary education enrollment, gross %;96,12224;99,65495;50,51191;108,01528;86,03761;150,98931;101,84073;102,8;102,82813;67,27077;na;161,03316;59,04252;na;91,80915;88,681;78,41583;101,53627;92,23939;99,90032;38,11715;50,32829;45,22704;61,76465;113,04009;83,48092;22,68313;99,65772;95,02995;98,58964;46,19419;126,05396;49,70284;97,75757;99,77831;104,62909;129,11949;79,73947;107,07853;86,49027;71,81255;115,01412;35,09979;152,16843;103,09522;na;57,09558;107,25455;101,91039;72,2345;100,20208;52,83007;40,30219;na;na;54,16115;104,44224;102,70039;117,62901;75,17671;87,77188;89,14837;117,02872;103,93777;102,83044;82,37303;102,36732;64,89019;112,93316;57,84344;99,74593;97,53236;98,43914;67,86283;110,72325;63,27047;56,01532;36,26869;107,42977;103,66516;81,89123;na;38,14459;86,16255;41,46662;95,72854;32,23159;95,71217;99,90463;86,83374;91,57796;89,94548;79,6714;34,921;na;64,85;71,20947;132,69165;114,55981;74,18847;41,97955;116,84238;102,5114;45,47822;81,997;76,57441;98,36831;89,09928;107,07582;117,50255;na;85,58092;88,94909;104,8077;38,1306;116,64714;45,42438;95,49509;91,6812;40,85719;108,13042;91,25289;115,33742;100,443;127,94988;97,99758;na;72,29514;144,90591;102,28993;101,2;87,44066;25,84411;116,75397;na;92,86992;103,00674;26,1;96,78603;95,80507;152,17562;98,76993;115,23867;83,96292;92,5;51,00668;37;47,11383
femlabor;female participation in the labor force, ratio to men;0,746150756460035;0,230380092972382;0,953267524678246;0,690502932734307;0,764473684210526;0,87233268671193;0,892741735023614;0,931310120579867;0,519387755102041;0,426043446424213;na;0,876123323655468;0,956977535738598;na;0,694400390386727;0,643208803938604;0,859139114160948;0,74200771240204;0,802621434078643;0,892905866302865;0,782442748091603;1,04685494223363;0,929221211448857;0,880882711533772;0,914180929095354;0,726196953210011;0,844481821710441;0,727980902123382;0,828060854865974;0,741164241164241;0,978971645638312;0,640698538518702;0,734687780101584;0,87292817679558;0,900748580278782;0,82911775384243;0,937757825770444;0,711691123406303;0,691822402094989;0,311536485097636;0,618949909474955;0,90262996941896;0,898002692998205;0,959675341406854;0,897880794701987;na;0,762768427161927;0,761351383730682;0,897924505401141;0,952647975077882;0,801030519223147;0,489427717766031;0,983870967741935;na;0,901207464324918;0,610177296799447;0,807052396324808;0,834133679428942;0,939234972677596;0,348293995352819;0,632416267942584;0,235795076513639;0,825625080969038;0,911280768724497;0,739586132760011;0,77488496003875;0,803039158386908;0,223334329250075;0,890201277570206;0,913655492671601;0,750702067909114;0,565217391304348;0,649918146329178;0,983592610597958;0,943522856781056;0,341533629939806;0,815148305084746;0,957339369667421;0,961881380023259;0,865358774522978;0,658271541805165;na;0,893267254925662;0,679841897233202;0,746766346267948;0,682139376218324;0,467881816845509;0,653471528471529;0,576499091459722;0,908115766039263;0,812173913043478;0,814343371623719;0,339081917321836;1,11503950716486;na;0,905550581915846;0,979470122720496;0,895030245522477;0,884710306734046;0,623478966276509;0,843593174974908;0,949862465616404;0,354559748427673;0,309126937871547;0,675580987971505;0,695781751490142;0,834519164562773;0,671560348187606;0,823645190919827;0,918105126541207;na;0,620214556163231;0,750502748357689;0,863522641981486;1,00502397807719;0,286376953125;0,663179916317992;0,80324459234609;0,906295754026354;0,994028322811807;0,824156092889634;0,839776195320448;0,924751410911045;0,802756508422665;0,877248543197365;0,487495239304304;na;0,649039839495557;0,955981540646078;0,906725744149057;0,792947438456421;0,626631853785901;0,916506392125806;0,81631673665267;0,723967960566851;0,353563038371182;0,467011642949547;0,900714853057983;0,830061770761839;0,447075359498324;0,87794224702742;0,854446742502585;0,821662889180484;0,676037151702786;0,91110346409727;0,085142136955609;0,889583593847693;0,885952248750694
netuserpct;individuals using internet, %;71,8470405;47,69105515;14,33907936;75,80974423;69,71812489;86,54472054;87,93558659;79;95,87813575;18,02;na;87,67968082;14,11901233;na;43,83227607;69,49115242;41,41379464;67,47;94,86669164;63,41010138;15,87620691;5,594670768;33,99999913;23,20297197;92,70137191;57,16214635;6,49999812;82,32748693;54,3;62,25988032;8,619904916;71,58166462;43,83992085;67,09619204;80,74318897;78,71917285;97,09936216;64,99320547;57,27224368;44,95020425;31,25135241;88,10245687;18,61805145;87,46892907;80,5;na;19,83645444;60,49125755;84,39550077;37,88415262;69,89;40,70304908;11,40002077;na;12,32610358;32,13636364;89,41594465;76,75054712;98,26;34,45;32,2924419;60,41635615;84,51538863;81,58118359;61,30114276;48,78096953;90,87304215;66,79031443;76,42674823;17,82710021;95,09714917;97,99998933;38,19903776;25,51043508;81,3158617;78,18077489;29,78780333;7,984479722;77,61525651;97,82762613;76,31197942;na;13,78216439;80,14047901;12,72064096;80,07137784;20,80096366;55,55669841;63,85224909;76,12451989;23,71426517;71,27233254;61,76221201;20,7740003;na;36,83740647;21,40351043;93,19727891;90,81109307;27,86304001;27,68098584;96,50851854;80,18563573;15,51;57,86509007;61,07575622;48,72763146;60,05476033;75,98536595;73,79121395;na;95,94;63,74728218;76,00813853;21,76763262;82,12;29,64312367;70,33083553;58,76981124;13,23693043;84,44953878;81,62566752;78,88542636;56,16739447;84,6022457;34,1133479;na;30,3;96,40964528;93,71386591;92,78196123;21,96;15,99999943;52,89192934;77,32605293;55,5;64,68461768;23,70653091;57,11513856;94,81992254;94,62;75,23264272;68,27966256;64,31336383;49,56909734;26,71835477;27,8525791;27,05548769
bbsubpc;fixed broadband internet subscriptions/100 pop.;10,361523;7,76963059;0,32540415;17,71536838;10,76008804;32,40007458;28,74722124;18,36883899;14,31296329;4,433418983;na;38,31345058;0,257997447;na;3,438379963;18,93098893;1,415305318;13,80385336;9,612616837;25,36087224;0,064402407;0,036026433;0,834925871;0,175095527;38,01804648;2,744020733;0,070268485;16,94281597;27,96630966;12,87854234;0,001229408;15,16665379;0,587884214;26,15871711;34,79477524;29,62894353;43,67044088;7,583032894;10,12810455;5,354323204;6,941630671;30,90043615;0,052402194;30,94927589;43,72144909;na;0,190424685;19,7063645;40,47081904;0,197026881;33,85613668;3,13950339;0,00886203;na;0,27228282;2,573699683;36,09110966;30,53057642;39,86986046;1,333354912;2,354593178;12,39209402;29,43000724;28,14372769;27,94205516;8,273192497;31,79404704;3,439279111;14,15089753;0,58008813;41,57512428;3,940841208;4,268122519;0,396855716;26,99031118;21,64261451;0,215865124;0,190198199;27,63622562;36,78089998;19,02374278;na;0,058081514;8,499170131;0,218509566;42,08525306;0,285893076;19,4445191;13,27861954;14,42358484;9,269366738;21,84972017;3,858095143;0,207763473;na;2,596067399;1,717133712;42,32699133;33,63921002;3,379513673;0,058062833;40,64456798;7,526019884;0,928692806;10,88365332;4,08393585;7,182285608;3,239947468;19,99165486;34,60036714;na;9,721087098;24,27423508;21,60100572;0,178401654;7,585997455;0,705305999;21,29479481;16,06658433;na;25,84936635;25,7863098;28,9339877;1,980333781;31,64367784;5,846188879;na;0,585114397;39,01190239;46,12960941;24,18292443;0,067254448;3,224858467;11,88918842;23,86750662;6,952620276;14,76859502;0,34007219;12,55426783;29,380717;39,30539137;33,85261104;27,57338541;8,155010474;11,79594058;1,660152309;0,210083812;1,133158426
mobsubpc;mobile phone subscriptions/100 pop.;123,736096;110,957712;44,73497738;139,8146002;119,0439694;112,6886209;170,8479228;103,0466374;158,4150038;91,66528709;na;104,6525275;78,50112548;na;99,20033298;98,09148345;141,4078697;112,9965568;127,0669027;120,4435385;93,50293242;54,49630416;116,0421129;83,71005458;86,53568096;112,0557186;42,65861449;127,4632858;104,2826788;126,8138818;43,49059653;180,2029814;130,6752817;103,0130428;138,4797599;119,0054475;121,7107513;81,44449363;88,12949861;105,5406134;156,5132655;145,4168041;37,72957949;132,3102365;106,2134196;na;141,199904;140,6520757;133,5943941;127,4614479;115,9262469;118,1687909;92,00155758;na;57,42400964;88,86604921;249,7631259;113,4737751;122,5765241;87,2849181;164,8514458;107,249831;102,8816649;126,6587916;141,2932687;106,9516337;135,5380911;100,0096265;146,6302368;86,14733981;124,8645076;172,5803137;121,915374;54,12257807;126,3866193;72,32533375;70,90446188;56,21413443;150,8955308;136,0859021;96,39240385;na;41,73804958;133,8797956;118,8336413;140,3690508;92,17166073;145,399158;88,51537104;90,41659632;126,3528292;166,0954592;122,8779577;40,0268713;na;105,7779756;123,1748796;120,5216877;136,0018598;131,5604252;75,91962422;107,9055178;149,7738911;73,35732631;126,6723629;109,645417;120,9849191;110,3956258;132,1925931;113,8883699;na;151,1270603;113,8251522;157,8582202;72,23888424;122,0799835;99,41831103;123,9901053;176,5751502;87,66460435;146,8230696;130,6570231;117,4615476;156,0332292;113,2729956;135,0730235;na;76,94254323;126,3211654;130,8219143;121,8016278;111,0146757;69,71531452;176,0347306;148,3164065;124,2969315;96,35290201;58,20615087;133,4908372;210,9140231;119,5259996;120,6930432;147,4671006;78,4636301;125,6177267;54,36332628;78,6149339;85,25218295
mobbbsubpc;active mobile broadband internet subscriptions/100 population;69,31223161;78,39726433;14,61863681;80,04329512;64,3177669;134,8844307;88,12364968;56,7786972;145,9992871;30,71669611;na;75,14676268;12,04507068;na;76,48759456;43,3537676;66,89270359;90,23684642;126,6432935;91,57591899;28,81935555;12,57910697;66,87164367;17,72282524;72,17359211;69,89081019;22,6308816;88,24767543;83,55299498;48,79995492;16,22644941;97,61902772;53,90212289;79,65585617;106,4453989;81,98567135;129,0091777;51,3060465;52,97536376;50,11152433;56,06915054;133,3537207;14,08952074;153,7560171;87,48291078;na;27,04030529;66,66667519;79,77911354;81,68166761;63,39674651;16,45430873;24,62335191;na;28,21294411;24,47023859;127,2066508;63,19478182;113,3070666;25,76304606;98,30358135;68,18563453;101,9688524;105,1484275;87,91397223;48,86058501;180,9466637;100,0096265;76,58875973;34,05763783;112,765778;127,272268;73,68047632;39,97478916;116,1244723;51,27735843;48,99059211;11,62322328;79,82207365;88,09591142;60,78649744;na;25,489021;111,4859147;30,61571634;84,02381422;30,30473392;58,9579951;62,7911079;59,98397517;80,78114946;66,51011193;58,27873747;25,68996476;na;55,76534635;52,3767038;90,77281216;101,5976393;30,38120452;19,86286748;111,6653407;93,8597301;24,708039;60,71341172;47,94144199;64,18980469;68,60890529;154,1217072;68,87874406;na;127,2452259;82,87893892;82,7470606;35,0128645;90,02700602;26,92320723;77,03087726;75,95976229;25,59144827;146,8230696;82,63789126;70,02609645;69,96831964;94,10996873;22,42812001;na;13,09193464;122,5203142;98,55771675;99,90000193;22,72079439;8,664507684;99,00559425;46,05985575;65,02289647;70,52406823;23,39746828;41,65641611;243,4305535;88,06419792;132,9102859;112,0525928;49,15088674;46,94806198;5,900797227;45,18425331;41,28461363
mobilenetworkcoverage;mobile network coverage rate, % of pop.;99,86;98;90;98;100;99,4;99;100;100;99,47;na;100;98;na;98,36;100;97;95,83;99,29;99,99;93;50;99;84,76;99,4;99,34;86;96;99,5;100;50;97,3;95,7;100;99,98;99,8;100;99,52;97,08;99,8;97;100;85;99,99;99;na;96;99,98;99;96,79;99,9;100;99,9;na;60;92,44;100;99;99;97;98,6;96,5;99;99;100;100;99,9;99;96,6;95,3;99,9;100;99,05;98;99;99,3;98,63;76;100;99;99,7;na;82;96,2;100;100;95;99;93;100;99;99,5;99,6;41;na;100;92,47;100;98;91;92,7;99,8;99,1;88;96;98,24;82,89;95;100;99,88;na;100;99,9;91;99,92;99,42;97,7;99,76;98;90;100;100;99,8;99,97;99,8;99,72;na;54;100;100;100;90;95;98;100;99;99,84;93;99,9;100;99,8;99,9;100;96;99,5;95;93;90,09
ttgovexp;t&t government expenditure;3,970844;1,138962;1,12133;2,495955;3,799439;3,987974;4,730503;3,156729;4,063082;2,214249;na;3,117164;3,202187;na;3,166171;1,102724;6,382717;2,883671;0,7415971;3,34043;1,938089;0,74107;9,689502;1,82536;4,328139;6,41961;3,96144;4,199537;4,042573;2,052098;0,8759801;6,3573;1,49742;1,351672;9,427395;3,739091;2,394311;22,31172;1,186709;7,834962;2,658369;8,413875;2,44751;3,028008;3,026308;na;10,0096;3,414822;3,63942;3,41425;8,052217;4,799598;3,09607;na;3,008956;4,190301;7,743721;5,305172;9,490327;1,007821;9,365469;3,017946;4,083261;2,102565;3,59154;17,28932;4,426835;10,76736;4,208971;7,13299;2,622072;1,224463;1,894037;8,220822;3,176949;9,344632;1,28522;na;3,155894;3,108977;1,2954;na;1,38187;1,807608;1,72224;11,56723;na;16,8622;4,790378;3,261952;4,208971;2,661692;3,735925;2,525383;na;3,274682;5,297976;2,197414;3,766616;2,177773;0,300287;5,862196;1,279664;2,062701;5,049144;8,072935;2,768973;3,081711;2,757569;6,475759;na;0,8998193;1,853024;2,725003;1,7157;0,9739153;3,79769;0,5261683;22,6366;2,47339;10,32224;2,198255;4,369295;0,5572101;6,486652;4,527078;na;3,07898;2,212869;6,869215;1,727316;2,889885;5,776791;2,822274;2,104606;7,499517;5,751696;2,37665;5,61856;5,479467;3,02152;5,193824;5,188579;3,616522;1,468115;1,227964;2,16946;2,64444
compttdata;comprehensiveness of annual t&t data;72;44;60;103;80;77;76;83;71;18;na;68;60;na;57;76;46;44;36;87;60;28;56;45;71;48;16;95;47;56;24;70;54;88;116;84;78;88;88;70;84;87;40;86;100;na;30;87;78;20;98;68;36;na;35;71;62;115;76;51;101;37;73;108;104;80;107;86;64;60;98;36;57;64;112;56;46;4;112;77;64;na;46;60;46;87;16;77;82;80;44;63;95;80;na;56;49;71;88;96;57;73;80;16;72;68;72;78;104;64;na;40;66;60;40;114;52;72;76;59;60;84;110;78;118;80;na;90;53;88;90;71;40;89;66;61;110;56;100;8;93;100;98;92;46;21;52;92
tmttdata;timeliness of providing monthly/quarterly t&t data;20;4,5;10,5;20;18;20,5;20;19;9;12;na;18;3;na;12;19;0;15,5;7,5;20,5;3;0;16,5;3;19;18;0;20;18;19;0;19;0;20;21;18;19;21;21;17;15;20;10,5;20;20,5;na;4,5;21;20,5;4,5;19,5;19;9;na;12,5;22,5;20;18;19;22;20;3;20;21,5;19,5;17,5;21;18;16,5;16,5;21;12;9;12;20,5;14,5;13,5;0;18;18;20;na;3;18;3;20;3;21,5;21;18;21;19;21;12;na;13,5;21,5;19;19;18;12;20;14;12;20;19,5;15,5;19;13,5;20,5;na;20;21;18;0;21;0;20,5;21;0;20;19;21;19;21,5;20,5;na;17;16;20;20;15;13,5;20;17,5;21;21;13,5;12;14;18;17;22,5;3;21;0;7,5;10,5
cntrybrandidx;country brand strategy rating ;83,330523567273;75,7503720511709;71,3830052042159;73,1435453819521;70,9730347943941;81,3525295275222;80,8310017956144;80,7222944939868;70,2924736859399;76,0073372187406;na;73,8395291868896;45,1475789162421;na;64,3672184640336;93,239540411962;91,0503074330146;91,1465735855183;63,2378898868691;76,6718219379841;30,8500795141977;55,9336591722456;58,6864494970665;40,2650003287311;79,8125625571253;57,6010180174315;83,1279240740324;67,6076050872256;87,9114739034603;54,9353116181483;na;74,7999956813947;6,09008280032325;75,3560199354515;79,1590265014431;52,6061664988592;80,7069248745833;72,4974139957846;82,0707888670326;93,6658182362279;84,3182782033813;80,341322835351;66,3221448791321;89,7547714329341;74,5192472684692;na;75,4839119968358;80,2424147177316;82,4704959964855;73,383434190465;74,9580837575939;77,9621817923021;35,8824360866863;na;70,1776803547494;84,6015940795727;90,5938965573174;73,9518116314269;86,2402328178643;70,1765454861745;82,4845904135506;85,4801508668881;81,0639152815617;80,7275022054775;73,2567657295829;77,6478161052246;68,3559474435893;48,492982991705;60,9544075264886;83,0023254522696;80,0603950041549;81,6743116124645;56,9539266111922;65,8353794172612;76,0229173047143;74,2578567118587;91,0502964362582;48,9799501808593;71,7564748017227;93,9934573662459;62,2135336087395;na;87,3858546695151;81,1150078393882;74,9155267490001;81,6432158622146;56,2765779905889;76,4165905234991;69,6404956160984;28,9845197350331;85,9718315702426;78,5985393982424;81,1681838111653;81,1251096610074;na;80,322835072244;85,8814866021232;89,1153134813263;91,2464674723231;88,1618162023942;90,8870030438427;97,3429134292387;82,4542036296142;67,3375541531873;78,0817905917515;100;84,4098422203383;71,3663124766481;84,5337918179686;91,157642319506;na;70,7440354301877;76,3772819598862;80,0048750766435;77,0676542335652;70,4347263542284;64,2032554644092;44,4677497435381;68,5801156535868;78,2084269449174;78,6147249726746;87,4587268377696;80,8970140069347;86,8326395949285;79,3247292705614;89,2533481631327;na;74,4297531741902;86,1819478723291;84,518043034535;77,8605560440669;24,398428434519;96,960783833296;77,0418290895744;88,6285990558327;66,8618168661281;67,7172253019109;79,570761578743;61,6434493405767;55,1984942932681;71,986162694451;78,6064915698035;75,7488207292771;87,612551364926;70,7213165051162;46,6412776693629;83,8427757748799;71,959443573759
visareq;visa requirements;26;1;33;29;58;50;24;57;47;41;na;24;73;na;76;28;30;26;41;24;19;3;72;3;12;72;5;34;3;66;1;29;54;24;24;24;24;30;89;15;46;24;43;24;24;na;34;56;24;55;24;29;8;na;99;28;70;24;24;41;86;49;23;29;24;71;20;55;26;70;31;13;64;62;24;39;60;6;24;24;27;na;41;68;10;24;71;85;23;64;18;28;52;71;na;23;66;24;61;41;3;24;50;0;33;26;34;48;24;24;na;86;24;11;72;0;57;68;70;53;45;24;24;27;24;45;na;28;24;24;21;58;67;59;53;29;41;71;54;58;22;6;27;23;41;2;59;64
openbilair;openness of bilateral air service agreements;10,9178976299646;6,34682289452643;3,05645490059759;16,1003689778553;7,50252764559414;26,8786840618198;9,43460310280338;10,6611766198065;10,1747581992711;6,15768571571141;na;11,8601400314562;4,37291378189099;na;9,8268169598404;10,0160613928349;6,51439017769396;14,3865380089303;17,5593350675249;7,27164588479586;2,21343709632644;9,96794959508125;8,45519239492603;10,0415696852351;19,4500682889526;11,672472679008;9,23292614719272;17,6786221244291;7,06184046035861;17,5681710227918;8,70548097587371;23,1382135102069;6,82795468796589;12,1324769355203;5,12667503533231;12,2461945873794;15,6527327873501;23,0338509735017;16,2099365789434;6,97849230479904;27,7735510080231;3,41280708539168;11,6065806751763;11,3950633642981;13,5754631353865;na;9,30000039247919;6,81704076541053;13,8564908318753;12,1551076094338;11,1808378921378;24,7816789441298;8,49754098276697;na;14;26,6040507399859;14,8183941423889;12,2020574163675;16,3954537037193;14,5713305043596;14,3267269556853;5,16426796243699;18,6517514978464;9,91559582408701;11,6149902501686;24,3360227272458;23,6142048564508;11,4089540257424;6,03477024411531;7,7455961424925;14,4769590620534;7,00070227514926;2,56872038958614;0,629721123047412;9,12893581225609;9,80528268607279;0,182190587624666;14,5324114361968;9,36466989158503;14,0938662733626;7,08446168189633;na;9,85259679635739;12,2030586244809;6,3673529892468;8,47777572458606;9,17820428339015;10,5301508746387;13,9508828991464;4,57244446338674;7,30137273903289;na;10,0270709296721;9,23949447039244;na;17,9006740492089;3,75826745621502;14,0750597832937;35,5957650510672;26,8922239757688;12,4497413095101;10,1227328886276;7,81907224301953;10,9772107396796;19,3440920902326;12,3933197980787;17,0581016319426;11,1521135209126;11,0841134485669;13,3230170302481;na;10,2352102495129;8,03620168291432;5,73101093924667;11,0834499364954;6,75177696836921;9,59664949995256;8,70298466457161;2,63530879051272;12,1575219788214;16,1136694100851;7,6538819258027;4,21847919185496;11,5666143432441;8,34968789607062;8,38692307446951;na;14;10,927978492801;11,5729993166185;27,5;4;11,449367807092;9,82361358255614;21,6029010285524;10,2188971112362;11,305728680952;7,77203966627842;7,0011802366249;11,2958344989982;14,2810433373432;24,2057717016728;14,0573935321146;9,42728780226024;13,0903978244903;4,0189868814345;10,3716589509249;9,11438649770917
ftawto;number of regional trade agreements in force;5;2;2;10;11;24;59;6;6;5;na;59;3;na;3;5;5;11;16;59;2;3;10;3;23;1;1;52;29;23;0;24;3;59;59;59;59;7;6;9;19;59;1;59;59;na;1;16;59;3;59;17;2;na;2;21;10;59;44;21;13;2;59;7;59;4;33;10;11;3;32;4;10;12;59;3;6;1;59;59;6;na;2;25;2;59;0;5;29;10;2;7;8;3;na;5;3;59;23;16;2;41;6;11;30;9;33;16;59;59;na;4;59;12;3;4;2;7;2;1;45;59;59;6;59;6;na;6;59;44;12;2;5;21;5;7;24;3;22;4;59;27;11;3;20;1;2;4
taxaircharge;ticket taxes and airport charges;83,3052352747044;90,3964839807915;81,2401362202734;65,1914428337589;72,7772426395836;68,6694840151794;75,6270161516481;65,6812149109734;91,7092991401168;69,8634296695858;na;90,213995495695;44,9800235356061;na;65,2409690041652;78,5920425981495;97,2402325011243;83,2183257658377;92,8626991422199;90,4540692316703;69,7818590046186;82,0881410121055;84,3358874288731;50,6775355596206;78,4576950102536;88,6681797794108;32,4408585128044;90,9646845137479;88,5682780085847;79,1743591331237;65,7498428323583;81,6259319063251;57,8365538390537;85,5333343192386;89,2083696670498;86,8917074287739;87,397631154438;58,287280014512;54,9252997232743;83,7190085327185;83,9632010690095;93,4914660278843;86,2486279102501;91,1666746750136;80,7997168413909;na;75,0205722323388;83,7831488339977;70,1003306839208;55,5980256074302;86,4257510534467;85,7052117463622;82,9419711451494;na;68,1781129653104;79,6899981873272;87,6036358494006;80,220595509431;86,910080706969;95,7188212196037;92,6341198472672;96,3152823472118;87,7549599222149;84,0893897969231;84,4689622348547;57,2531489872464;78,1184675329692;62,7051867305435;96,3153232625718;42,9771472495794;87,5142447803497;87,0785481769103;83,0994506207036;92,0739908179843;95,6769912675593;84,0264339356072;100;48,2830171193344;92,7665111913013;97,5468176687145;87,9259325682932;na;83,9901094938114;93,2620580294751;45,7552452969285;90,1646263626677;67,4557537814446;63,7829388619454;65,3649625789424;89,8845566809701;91,2652086685855;89,1751801931159;83,2857886528484;78,9364578495237;na;83,0594693815263;86,2997368613836;87,842651945306;72,6888312612118;76,3070068355852;66,731427237197;90,1953104572963;87,6743573841457;66,5731646222303;77,5801757214557;65,6765475810871;77,2489808249465;81,4172637350255;91,6348312349098;93,3020059361322;na;91,6185994448959;87,6096550380649;82,2980343142641;77,7086126060466;86,330924887914;55,1685624855023;86,0606478789844;79,7243183364419;24,8170962109057;83,2494592340326;86,8627708187356;85,5215722276625;83,3676359732095;88,4948705339707;51,3813809995849;na;100;74,3792512959701;82,4645934135361;91,12799845566;62,3492380901181;75,5762724684454;88,5009952937639;76,3247835422781;82,7908179465834;90,1902677970761;74,7662186576184;85,2615525889281;85,4941337918018;0;68,4860349165765;83,8083376441153;99,6994813863345;86,6473363909367;95,0985760213585;69,2925394722425;80,6405358547563
hotelcpi;hotel price index;na;155,200867570972;na;115,962411825223;81,8036454595716;144,112052694766;125,557237267652;110,860744817094;164,919952564357;141,913009994872;na;129,425171433115;na;na;na;na;87,7651972769345;82,8329462435828;na;95,0545025579142;na;na;139,966731361886;na;132,43184481948;na;na;122,661538271858;98,2254555268969;90,7515649381646;na;161,128405541598;na;165,017686682034;164,215561743927;105,544911353211;151,260871183216;142,490087103523;96,3230321558805;74,7221516497686;96,0341919656547;98,9668714687692;170,25753905466;123,548865001604;169,346265382573;na;na;117,590334446717;125,194600947762;148,237419856716;162,984987105336;95,1059713107916;na;na;na;104,575392027798;184,4874892867;102,173385726803;223,310499243157;89,3255164352601;75,5176044351375;na;158,012304753262;213,605418206349;181,326344780216;226,272756719128;137,399138296867;135,412956974902;90,8437131962764;123,658709282229;141,582214108855;212,319560257614;na;102,965585606106;73,4048031929276;156,803154990514;na;na;68,2436499534206;122,543484183442;na;na;na;89,2956843544227;na;164,761260178752;na;242,634199898116;125,453342241698;na;na;na;117,941021127989;164,08030332531;na;92,1486310056065;na;149,082964348012;136,520891306985;106,9683043207;142,676394652438;125,976812655875;166,24178727934;94,2896577681034;91,0122499857774;na;134,083550593449;109,252920411505;84,9273664942963;134,354744855117;na;128,32722105161;85,9773458122041;115,216850132838;na;185,953875798273;na;100,019912079653;414,201740160716;na;202,231452080453;80,7529702397306;110,167106716511;100,245271887942;137,612382997887;116,280283284241;na;na;129,823923899292;227,428460485187;176,643595388204;na;138,492932775519;116,620161216951;160,575768658745;70,0091221268386;82,8126533281428;na;102,652842478906;157,087483539789;146,566458166809;148,125125318596;100,558008639607;297,825659565519;125,0321415787;na;128,870276457198;82,9779578961875
ppp;purchasing power parity;0,350569642137033;0,26517468859574;0,615857580028141;0,69126910891718;0,407200545587598;1,08941699977374;0,8793884019141;0,236971507138847;0,497592218574024;0,391153101882492;na;0,880501770035883;0,363450497927311;na;0,448006640151193;0,392761510313708;0,446166311740545;0,630876690979116;0,358093147167698;0,392780859642092;0,344041671104762;0,397042791580738;0,34459211348218;0,390031589152148;0,96476132353979;0,469344604951824;0,340565372157428;0,620126044604951;0,524093354776151;0,441893116710843;0,520505917280145;0,682492050299693;0,389759446950511;0,509079751256021;0,712499520602706;0,536036846383095;1,05265987346256;0,439019957144716;0,540257023498641;0,207843628419578;0,484766913992012;0,603936846399998;0,403293376029209;0,988371139187094;0,87398721425448;na;0,417321542588987;0,378981104807249;0,849866116433877;0,454503976788179;0,660727635737404;0,547408949282637;0,366482534461345;na;0,420984231719758;0,496341574011121;0,74903598667772;0,495817622980688;1,28902924846924;0,276208292472071;0,312472180026981;0,267844097311121;0,897592196083408;1,04311600412789;0,784631534245746;0,564114270211288;0,913558806709825;0,450218255557594;0,340884546199972;0,484398361865641;0,766091862296698;0,402803096561296;0,326728627090613;0,349144782875445;0,553012899595049;0,606957782021282;0,393735390938861;0,540198849356034;0,505512634092202;0,970811926561976;0,354120091089631;na;0,28095861809699;0,337209678672516;0,3728255659872;0,655645396804504;0,287202482713147;0,469244518410636;0,477614202471327;0,401034539463355;0,287156250644755;0,402174813474578;0,367528004959822;0,340911310523088;na;0,499554191238575;0,314167363882907;0,890866911720251;1,04504497036515;0,379499526848289;0,334358429355247;1,21744593995567;0,369392911435784;0,279440941583502;0,619733270669658;0,444245442190808;0,488156867292063;0,357508460498652;0,463296450221034;0,654028269862912;na;0,491651887234121;0,405820012287793;0,417224233324421;0,366182362012172;0,386863493679643;0,384466337549141;0,382404090401264;0,532922022248708;0,326410079667737;0,613298743905055;0,543052062744338;0,648613559513554;0,454753220545735;0,722596195071522;0,316712464493582;na;0,374487881619818;1,03596340760021;1,21167268942055;0,471050537206526;0,250189933519892;0,325139298227506;0,368227207608807;0,509607568172669;0,290243837144764;0,376623721937447;0,324630507749168;0,30347506347462;0,549722608215701;0,889429458377239;1;0,718502980910818;0,886867511785627;0,344944194834531;0,424649750201878;0,375261711650724;0,547884194559574
fuelprice;fuel price levels;135;17;82;100;67;92;115;35;32;84;na;132;72;na;55;99;67;95;22;109;86;114;80;94;73;81;85;65;81;64;120;79;93;117;123;111;135;91;29;15;70;114;64;134;120;na;106;74;120;85;122;65;90;na;62;80;142;120;163;81;61;21,6;129;208;144;106;88;64;40;82;105;31;49;80;107;47;73;83;105;103;88;na;114;44;98;122;109;85;72;69;67;102;86;60;na;74;68;134;79;75;64;163;49;70;61;74;88;58;104;130;na;38;114;55;113;12;97;121;140,380715062025;108;77;116;121;90;113;65;na;77;142;146;84,2286775434408;69;80;68;30;62;123;79;73;52;149;65;136;0,8;59;76;116;118
pm25;particulate matter (2.5) concentration;11,8006311055162;8,62353881361364;17,966577051805;8,50464128147024;18,1509586835224;3,03345755999092;14,0832298042424;20,1184986582666;17,499999933571;60,2743338405001;na;13,5094809095023;13,20769914428;na;7,58602135964387;13,3970359631522;20,3169219082432;9,60387709825734;9,70749437748124;12,4259691823945;6,15764738692773;19,8589075441451;17,4928525871758;13,6584549957235;7,40081254971211;1,6811269071813;5,98401547064702;15,4195815467787;43,7522468490888;7,11808663081005;27,6458077308576;3,27805644978003;12,1963245041942;14,9956349833935;12,4170867067175;19,118246865475;8,79144150741637;2,84813240128588;7,39934373153124;10,8796989368198;7,76070889544949;6,26435338656805;17,2615478149687;5,33029011091528;10,6999577188289;na;4,93214562457181;14,7795866623515;13,1181688777119;13,6733220866084;11,4760557498858;7,93985676334794;7,06122629408373;na;3,7902941287665;4,90259783063744;23,6779043677469;20,2930469224164;1,00895573527823;49,1844896542459;16,3527629350815;12,3071933936079;3,89556565882783;9,8081369037035;15,7201040187995;2,13896262972695;12,9322390661822;8,90125600148849;11,0045343415199;9,53470160686357;28,3238838679808;18,9166161010797;12,8708565293963;26,8663897540931;9,13624566704249;11,3759998062287;17,9495999125318;9,30035113362523;12,5598669806165;10,9089448315532;11,4750232284916;na;12,4154177587503;17,8536253248613;4,38189528273941;7,13278487554455;2,12539844803878;0,371544412328098;12,0163330770701;15,9841024722893;6,45525113722084;10,0942957595382;9,13816771458154;9,03958545403877;na;11,3897533368897;47,7423604596389;13,3602950470817;1,55255947852105;2,48554417529291;16,1277879544301;3,2229963274517;10,2001526008871;33,9766798466022;1,79690249532266;11,6683282938257;14,5477944780608;8,14202676914484;22,1895607078586;6,54666847896654;na;19,4320861196149;16,0678738714156;13,204155345434;21,4370167401613;13,848250188325;4,10931265447387;15,2714426212138;0,47743261187008;7,73225468844525;27,5086863995165;20,839835821102;14,8276784851991;23,2081482843794;8,00427428346921;6,28484365340264;na;19,6095495238626;5,88877160041179;10,9586353529321;16,2751100158445;29,7650606034597;9,64239568112883;27,5051770566055;0,7869499686548;6,66675268192099;13,415945181519;17,7316857003262;15,5149971937035;16,8215204331794;8,27014084533903;10,1487865294989;6,55082773072038;3,31320578009413;20,6267282459387;8,33980003143768;17,5262507151717;13,3219985144307
envtreaty;environmental treaty ratification;24;19;18;23;19;24;24;18;17;20;na;26;27;na;22;16;18;25;13;27;22;17;20;23;20;20;21;24;24;19;21;23;26;26;23;25;29;22;26;21;18;27;16;29;28;na;20;19;29;24;25;21;24;na;11;24;na;27;21;26;22;21;26;16;24;21;26;24;17;24;25;20;16;20;24;21;19;26;25;27;17;na;19;21;22;26;23;24;24;22;23;21;24;22;na;23;17;29;23;20;23;29;21;22;25;19;23;24;24;28;na;20;25;19;18;19;24;21;23;21;18;25;27;24;28;21;na;21;29;26;na;16;23;21;22;22;17;20;20;21;28;16;25;20;23;19;19;19
waterstrs;baseline water stress;2,43807;3,37641;0,60546;2,68664;4,16354;3,29655;0,441201;4,07537;5;0,257781;na;3,50261;0,00103367;na;0,44344;0,303608;1,9743;0,867064;0;1,6096;0,00000190185;0;0,460523;0,0052413;1,03582;na;0,578991;3,69347;3,18639;0,279381;0,00000245493;1,01478;0,0178792;0,323387;5;1,65334;0,448375;3,63817;2,09243;1,37109;0,530484;2,96373;0,683392;1,45405;1,98468;na;0,263257;2,19644;1,76346;0,285617;3,82719;0,513645;0,0126413;na;2,53093;0,331237;3,3074507576792;0,577557;0;3,69775;2,75949;4,80695;1,73963;4,98246;3,51013;5;2,31258;4,80303;4,66141;0,443906;2,53377;5;4,90485;0,0380109;0,651781;4,74989;1,27866;0,0127994;1,92561;2,75196;3,93188;na;0;0,967345;0,35588;5;0,507708;na;3,68766;2,445;3,65084;0,769044;4,24268;0,498585;na;2,39705;2,19039;1,83457;0,611541;0,396072;0,449299;0,517264;4,97616;4,32752;0,00269393;0,0028636;3,33534;2,63314;1,8351;3,07007;na;5;1,30503;1,58348;0;4,9999;0,537304;0,759945;na;0,00405973;5;0,771259;0,360399;2,97716;3,76963;2,6865;na;2,34179;1,59527;1,14183;1,97233;3,31262;0,978613;1,83283;5;3,47241;3,84709;0,00170229;2,85256;5;2,56564;3,17105;0,675249;1,92148;1,04334;4,95241;0;0,683435
thrspecies;threatened species;3,31632653061224;7,35632183908046;3,81679389312977;7,81758957654723;5,79345088161209;12,4519600307456;3,88349514563107;5,60344827586207;4,16666666666667;9,43877551020408;na;2,84900284900285;3,32005312084993;na;5,43052837573385;3,16622691292876;3,7037037037037;8,74811463046757;10,8731466227348;5,60538116591928;3,49417637271215;3,8860103626943;10,6756756756757;9,18009810791871;5,5699481865285;9,64912280701754;4,76190476190476;12,8682170542636;11,7701149425287;13,1476683937824;4,83229107447413;7,77080062794348;6,8359375;5,89622641509434;4,16666666666667;3,125;3,09859154929577;16,8674698795181;12,5351546805946;6,45161290322581;3,18379160636758;3,1055900621118;7,01906412478336;3,93939393939394;5,23255813953488;na;3,90879478827362;6,06060606060606;3,7122969837587;5,40275049115914;6,76532769556025;10,1774042950514;5,78947368421053;na;19,8300283286119;7,41811175337187;10,7913669064748;4,17754569190601;9,62962962962963;13,7730870712401;13,6298421807747;7,2463768115942;5,32319391634981;6,88976377952756;6,67976424361493;13,0952380952381;15,1702786377709;6,38297872340426;7,2013093289689;5,5230669265757;10,5494505494506;5,47112462006079;4,96277915632754;7,89733464955577;3,51906158357771;5,63002680965148;3,6144578313253;5,33672172808132;3,78548895899054;1,18110236220472;4,58937198067633;na;3,72398685651698;12,7610208816705;4,21195652173913;3,01724137931034;6,18729096989967;19,3877551020408;19,3872425916625;4,73186119873817;6,95825049701789;4,85436893203883;7,91666666666667;5,26849037487335;na;5,56213017751479;6,63507109004739;3,57142857142857;28,8256227758007;3,56394129979036;5,03194888178914;5,6379821958457;5,66502463054187;7,05596107055961;6,85240963855422;3,9572192513369;10,6639146886825;17,2677595628415;3,8265306122449;6,83962264150943;na;5,13833992094862;5,93607305936073;9,18264379414733;5,28735632183908;5,93047034764826;4,84076433121019;4,4811320754717;18,3823529411765;4,92196878751501;7,91208791208791;4,03022670025189;4,54545454545455;8,41042893187553;7,80669144981413;17;na;3,52;3,33333333333333;3,35051546391753;8,93203883495146;5,51378446115288;9,19610231425091;9,22855082912761;2,7027027027027;6,43564356435644;8,50694444444444;4,51289398280802;6,25;6,12244897959184;4,57142857142857;11,8805590851334;6,58362989323843;7,68122899663946;11,5558912386707;6,33484162895928;3,11614730878187;4,04494382022472
forch;forest cover change;0,052774151176323;0,08192238659118;0,039217800296982;0,137282275277428;0,006036395280184;0,093628026489461;0,056323392579765;0,005737938241894;na;0,054528210298678;na;0,087089330895647;0,202767850002342;na;0,063039783402988;0,009339685338929;0,02465745733706;0,089311193035067;0,046334628731154;0,024644067411063;0,992561216649582;0,038380920409698;0,220137319334148;0,028403568739487;0,086141535142804;0,01357209929803;0,067686183562824;0,086002958521959;0,05041943983291;0,04023333685782;0,052818219504891;0,050857488177702;0,141292087407748;0,023110289481734;0,023632383175831;0,070523984932818;0,101726626443482;0,09830385375452;0,035657343437169;0,010298936100681;0,067695047915156;0,121688677153021;0,027400213663334;0,125132413050845;0,054992862542315;na;0,136896805836151;0,003018665942757;0,04474311381254;0,117878362810323;0,04337065109234;0,161360420819991;0,111202409838999;na;0,063238293471141;0,106463293255562;0,005280866050744;0,080366900599366;na;0,034818840968208;0,143418137177933;0,002019867635584;0,119202025757491;0,078648471798444;0,024243592973523;0,053965312362514;0,021404027343426;0,002529159997365;0,012942206066797;0,086687418033919;0,034963224431049;na;0,003430012161872;0,123523955385156;0,154573446892009;0,049268127567718;0,01234890037761;0,119155474055664;0,109594830332882;0,060283355407807;0,043600274969928;na;0,087773538437898;0,231266044928862;0,106533420577631;0,102956943920835;1,0368794454004;0,042808481661345;0,05827801511855;0,015667786496242;0,09717935537549;0,020527685298353;0,048915056873071;0,087085092143528;na;0,315015329386379;0,007789599769804;0,033174517325941;0,088994522266843;0,143101322848779;0,056462040790736;0,044632620577757;na;0,009470051967828;0,056361662693829;0,209899296268014;0,030348954301331;0,052492569120711;0,076675418503209;0,312253780964366;na;na;0,037673997260328;0,065041842284215;0,04997481973002;na;0,069167456685376;0,015129621705628;0,000794703712155;0,170363249629245;0,0736133512178;0,070345970996968;0,02201337669629;0,197533453295339;0,085483475200394;0,035700399620876;na;0,183803784192715;0,126967021780205;0,017592417664679;0,013919749944764;0,005616320411426;0,075727828233938;0,079934585515943;0,050017726368684;0,075658718783406;0,038890755439878;0,074355535668673;0,071666045372022;na;0,102824448134057;0,120821721729208;0,179676032143194;0,029472986476078;0,128463192514944;na;0,052985657064511;0,116448073820167
wasterwater;wastewater treatment;16,94;46,11;0;7,67;24,01;95;91,90125;10,99;72,68;0;na;83,79;0,0168;na;3,509;0;0,95;17,5;na;57,17117;0;0;0;0;71,422;19,4;0;87,50994;16,128;12,243;0;3,8912;0,6;29,0376;14,9;67,76;86,655903;40,421;0;28,35;1,0375;71,87752;0;75,945;66,4225;na;0,4;18,2;96,806;1,4;81,07843;8;1,1;na;0;1,78;88,35;54,57;60,06;2,2464;0,025;3,73;44,418114;95,4408;79,618;12;57,8354;18,6;15,6;0,45;84,842521;75;4,2;0;71,14;54,7014492753624;0,3;0;54,900684;97,8117;1,2;na;0;19,5888;0;100;0;8,4;45,6318;21;3,3;18,48;26,0136;0,66;na;6,25;0;99,1018;70,192;0;0,16;69,8607;5,42;0,1;13,32;0,735;34,6464;2,583;49,4209;56,5848;na;70;22,7916;72,668;0;32,46202;0,5;2,61834;na;0;100;39,6228;34,6804;32,49;97,36575;0;na;3,7;87;97,021275;7,0794;2,25;1,44;12,0663;6,804;33,62625;48,806952;0,42;14,1267;74,96;98,34552;50,4365;2,25;16,96;0,2;0;4,2;10,4
fssepi;fish stock status;na;65,2034796520348;10,85;73,96;na;75,42;na;na;na;1,7001700170017;na;na;na;na;na;na;na;33,7466253374663;na;na;na;na;44,8944894489449;na;43,960129233712;26,8;na;40,1;8,60913908609139;12,8364292756342;na;25,4674532546745;na;7,03929607039296;66,63;na;44,0088262341236;3,95039503950395;28,1752581141081;27,3560745686882;100;1,3;na;4,52045204520452;19,6467226462322;na;na;na;57,3142685731427;39;48,5588728307588;18,1;3,45034503450345;na;11,98;21,7078292170783;na;na;58,024197580242;12,4412441244124;21,6948886497012;20,3135017424638;21,5778422157784;na;75,1382824607635;74,04;72,52;na;na;32,35;6,96069606960696;na;na;na;54,4945505449455;na;na;17,6182381761824;na;na;na;na;na;23,4910674064104;na;12,45;15,71;28,86;34,3626517629581;na;na;na;6,30619053853626;20,01799820018;na;12,28;na;48,3851614838516;38,2821313842696;35,0431066644182;13,43;12,75;5,72057205720572;39,3;40,59;na;2,12978702129787;23,4423442344234;59,8759875987599;70,4746678068723;na;na;na;55,3739105859624;na;26,5247959907063;25,6174382561744;na;56,02;2,13;na;na;na;33,7666233376662;35,3188393776;18,22;na;na;45,77;na;16,3232646529306;na;16,38;55,6269312757333;31,43;5,79;79,6699241581372;na;30,07;29,36;20,4737854162395;30,0546189073709;37,5137513751375;79,63;1,57;0,11001100110011;na;na
dairseatkm;available seat kilometres, domestic;0;37,1823539602615;10,0727875703144;390,114517863405;0;1746,63876336757;4,74280249933839;0;0;15,9276581404559;na;0;0,019891491909027;na;42,4493830096111;0;1,16248255181003;2328,27615699929;0;2,92058278363895;0,11259936269474;0;4,7304998690877;3,88125881218959;1480,32439349426;2,06104625117506;0;375,050197754815;16273,2677112044;286,185436051733;14,9516123614528;1,10116321921964;0,975048278327595;4,50455584499392;0;0,281113773519516;21,4014337092109;0;39,725280788734;23,6612907820898;0;0;15,8688291880597;48,8064212411587;385,306023658508;na;0;0,163007557506466;290,10710149792;2,6266052552588;64,8014747425689;1,08046640669342;0;na;0,130143553219622;1,18675333698225;0;0,060562833618164;2,37261576794541;3088,11487662944;2356,56798779616;239,43906400196;0,824560276013374;6,38929821129203;492,955880839276;0,054669415869713;2275,44542622726;0,693567720678806;124,197948337801;22,5333892461246;220,668056473214;0;4,01813447397566;5,6778868889513;0,085861721385956;0;0;0;0;0;0;na;0;485,08357124704;0;0;0,602664460971355;2,60783252565765;1221,3820292381;0;3,85984386473516;0;12,7159435070834;15,7250848166809;na;2,09239290044498;9,81327603862483;0,295629412712288;170,827518717191;2,04482927480793;51,8599022308433;231,22461563626;26,6288784880871;77,2790863172605;3,61415962393379;0,304977126434326;199,004164457429;367,999084223269;14,4176330932958;97,8938600508547;na;0;13,8504554357436;2602,01936130587;0,171877939796448;476,109834946492;0,855409059736425;0;0,292723581175804;0;0;0,207917589457512;0;341,703176090476;675,885380372167;0,345319625518322;na;0;119,942707685741;4,77070879261923;32,6715053590081;0,061155072212219;14,625451110689;570,430037484936;1,59414536079597;1,61053009211683;770,051677066984;0,178926866540909;11,425059256031;0,046992844963074;240,126135110913;26803,4982638185;0;17,6124199942036;534,733928112328;0;1,35963626740619;2,93412890035796
fairseatkm;available seat kilometres, international;33,2838098173953;209,271527805658;104,280886853176;775,580127488893;63,7406249258188;3529,50462968579;629,739673628374;112,619031357645;208,049847867281;334,290396758769;na;783,783210367302;16,4916890549892;na;63,942120767308;33,9704702259386;6,86032383119857;1689,49552725082;74,3988037874254;244,727640933075;16,1205769485813;2,33094783996081;205,758232742985;51,8564901683062;3465,669920829;102,145182018885;11,8909386153026;537,329951498444;6785,00793819983;537,351559014359;31,891413562157;179,017991881148;89,7366717190826;229,707103190137;293,286757601068;384,175955329235;726,360717935257;544,429448000354;149,003155941708;730,866149005384;117,882241032842;40,883336677645;512,188665480511;682,821197207545;4243,26273377962;na;16,1623292061918;115,105664159419;5856,22601360641;124,122998574889;1382,98214340944;57,4661065554691;12,3815374601822;na;36,2947432924774;30,2651232056463;3037,06675710534;271,239046322649;389,923800953304;2711,97711935151;1432,16155323865;269,54787399174;799,93764077459;832,302181325599;2962,56862402369;189,807231501763;4111,46423439927;230,832556396871;207,859805076201;287,230126058779;2915,0145321558;374,331444963798;73,3091603867097;41,7807820991309;106,566593686819;205,381079209806;0,294334534525394;13,1166030280066;94,4745297490882;54,0189888924532;33,3326281680863;na;11,7518059788289;1719,58256315938;37,1044099614471;128,560729547459;13,5988347248032;232,366068106526;1815,77232903562;46,1369287380811;32,114678716807;35,5812853750283;656,484152433025;24,0276966212365;na;52,4761581627738;142,532996374967;2306,90207849004;922,0375957697;18,9133151025286;230,125687682131;496,882525934754;428,629632912973;500,682153638426;494,286758888574;43,7956427533411;526,349010898514;1199,7830251035;754,782729062518;1161,96813451525;na;2145,29299742087;357,557828928538;2498,71569945088;38,4713596021106;1702,40295884161;101,917355000648;111,616194769414;59,2832518437077;7,09987777100587;2847,87353025426;70,4172685256353;26,4213470837143;960,964466056606;4776,84691988659;404,631638458379;na;0,258550770561218;742,180375158411;1219,81151223005;1630,19931420426;69,5239394002962;115,31468623145;3298,84845343168;56,3174422019278;228,798351823141;2679,45904335715;58,6901908748657;400,590130497922;6199,78147994542;8580,40480250112;15977,4790015341;80,0570153730124;89,7770833509869;1041,74596322508;0,113791886602879;40,821670559521;25,4854464362151
deppop;aircraft departures;0,406479025090683;1,83314148056319;0,559995028235279;4,49338880465901;0;27,3291938089234;17,8186784844808;2,57407297093484;36,4964383914071;0,375916035726562;na;13,3685420983092;0,000919768755419;na;4,30399218212748;0,022907492475172;3,0113529007999;3,84085533925603;25,0596575203465;1,57576081335827;0,201267290986028;na;0,897948457683554;0,234475098183329;39,3324271387313;9,12355322591272;0,005306041414538;6,87293731292294;3,14414939465304;7,14223188683154;0,085542181294642;9,9823289682005;0,418650119881867;6,49989053300848;7,02301129836692;4,75598611271311;na;0,109871627680551;3,0578907801799;1,13739022125487;4,38940815976787;0,40079430143375;0,945745264856789;30,1422566370878;8,93005616393991;na;0,297538570519974;1,33717667684906;11,4053161734719;0,816338449801099;12,6249694170222;0,211487827211193;na;na;na;1,47726940344846;32,9447894259778;16,1886545171898;144,892253931275;0,769098181218754;3,47159442657406;2,19519319617261;187,845708070611;5,8838786682428;4,23965894809379;0,408608244337351;8,16749213636288;3,80794225895512;3,60404741693211;2,18069015966282;9,64372715211678;10,0896210541788;4,37175308960666;1,41889369743488;24,6544210626037;4,17798560656666;na;na;4,29606389188528;80,976161090392;na;na;0,124959027186187;13,6747530314065;na;27,3483490349338;1,20605839032945;11,736396826539;4,39659799276073;3,97723878872849;1,71573655884437;10,3410655667903;2,33228818021924;0,426676693799291;na;5,4763725859324;1,1522607850033;19,9789321251585;38,541062600388;2,15807401624522;0,228120077190868;na;15,1924114728633;0,336754452196524;35,6647303082745;0,51032864959493;4,05335097543221;3,51853526879874;2,80256715330309;16,5491296370009;na;73,654209534592;2,65936668868125;5,64516542034097;0,376216159897028;8,22521853265082;0,068577988408869;4,23096436361482;214,298383815198;na;37,9879524319378;0,009376323716289;8,94701285528178;3,81322011279973;12,5288961337274;1,92464092520052;na;na;na;25,6149351112687;10,14;0,592175415741778;0,503611768127315;6,45643188218556;23,8027937551356;3,80406840819564;9,19264123038176;0,098756600046129;1,42153438676045;48,7941409414429;18,3293652891275;29,6453370718912;2,59638302522783;1,56271377626433;2,76895315927855;0,059078767678498;0,52766651476267;0,208349667366489
airptdens;airport density, airports/million pop.;0,564979731352138;1,04883589703788;0,64479207885827;0,97428218968071;1,07940246438377;7,03992670966967;1,17599281233193;0,904871575196819;0,714731911207425;0,131267521650322;na;0,443707889348127;0,368044330203484;na;2,31169687797631;2,36645082663085;2,46863902696124;0,597108268202562;2,96762323055465;0,757833392223303;0,344900728947691;0,684133039247344;0,789573211991722;0,575037672155497;7,94429130539531;19,2458380875136;0,282463613743437;1,25516075032003;0,275978377846764;1,40152720916164;0,481941401334051;3,30801850963588;0,553498824210355;3,37309936391779;3,77627817575554;0,637707924668838;1,77985665034538;0,793353690789039;1,11499604640985;0,235640486984999;0,433106017639975;2,22193337088401;0,985320118637917;4,01496101261543;1,10525948205444;na;0,754301403754913;1,30956559090219;0,424379195322348;0,242171503437019;4,42740536676456;0,454319533831813;0,211991466919474;na;0,325573399871854;1,11590495614308;0,134609666293215;0,28930740097514;25,2460702913712;0,208342482678992;0,833316362134251;0,944240098767514;1,97724324837339;0,512038079247878;0,957783329249585;1,23929942403559;0,669404215229761;0,33294959043316;2,17617972595274;1,52485458514697;0,383893498730008;0,238258161295057;1,34567225075795;4,10389250099827;1,52080267965432;0,185239693680233;1,56960984208155;0,805593396067576;1,54102042262999;1,86191307844985;1,65485787666841;na;0,616155663102103;1,39551702469203;0,123558687905581;2,44613009987549;1,23115107701096;3,86557837750079;0,581997215610829;0,580502320267774;4,21208306227799;4,75733998092307;0,75212110317761;1,00121784497871;na;6,17884194599538;3,24915680105806;0,319885619138936;6,32574163238196;2,17510403114749;0,223099293149439;10,6744431120317;1,4694335774389;0,28520816732973;6,03166054098318;0,470872642370109;1,02523255034483;0,980745798334886;0,611757124206666;2,83117565463114;na;0,374315096951353;1,22953556280288;1,53046671629174;0,929559384204091;0,888631762301099;0,650225413644148;0,610404093614013;37,044583155828;0,308023836116534;0,345309769624861;1,02460661083016;1,76190807596995;0,761419273974119;1,15383360409962;2,84190581304083;na;3,0198798691788;4,01008662818282;1,11018208254933;0,648007961425814;1,61865663639104;1,05218090797701;0,983907953906112;2,73970726227903;0,870817247058068;0,82853153280543;0,475055636140827;0,393165859966771;0,847904881545871;1,11669003850888;2,42199471213447;0,604656703133512;0,735224122045244;0,634756477552804;0,094381827345436;1,17437099710752;0,5507100212519
airlines;number of operating airlines;34;27;14;53;40;83;119;36;30;33;na;109;20;na;17;30;7;58;8;72;10;6;53;16;130;30;9;44;178;45;15;40;24;97;83;97;103;78;24;94;17;27;16;67;214;na;17;49;203;30;135;23;17;na;19;22;99;83;42;108;62;47;73;87;201;31;118;54;40;44;86;49;16;18;25;61;1;12;35;24;21;na;6;76;18;43;14;27;77;18;10;37;83;11;na;11;37;129;39;15;40;88;44;29;30;16;49;58;90;119;na;29;56;146;4;79;36;62;13;16;81;26;24;53;197;42;na;1;105;127;70;15;46;136;15;48;127;23;77;105;194;232;21;28;81;1;13;16
raildens;railroad density;1,47130434782609;0,168626718281592;0,228763936793134;0,633326140123723;2,30551445864156;0,11405584649448;5,90493448896625;2,46189376443418;na;1,9203413940256;na;11,7982312479528;0,381666085744162;na;0,318957199293634;1,98799843780512;0,152304333625565;0,350526141499829;na;3,63063063063063;0,18889942382029;na;0,354617764030049;0,212434797240451;0,482243278946625;na;na;0,9631052141527;0,703530546294951;0,187519323423975;0,155275794716955;na;0,198164113378404;4,60328679978795;na;11,9284899201217;4,96481990587578;na;na;0,514553896849568;na;2,28388237895202;0,059675812732048;1,75107854145736;5,32668629925677;na;na;1,84361549497848;9,37041804241983;0,396998406975769;1,69748408608669;na;na;na;na;na;na;7,78888530581533;na;2,04936696500032;0,24511612402541;0,516918316477094;2,68639726807057;6,77390122338015;5,57085020242915;na;4,49156264386367;0,328034034930587;0,588656032400431;0,65578854868446;4,17999601116873;na;0,212054073788816;na;2,88354783687393;na;na;na;2,92712066905615;10,6177606177606;2,65655387008946;na;0,647366644159352;0,680255139056832;0,047815254114289;na;0,070631609585719;na;0,726946924729431;3,40029542097489;0,115720021481728;1,80304127443881;0,472287537789721;0,389802096624884;na;0,318819832825826;na;7,26047183437651;1,54196705390161;na;0,411141301406194;1,07327002061385;na;0,978645898756438;0,102094935030496;na;0,144255458209489;0,169666666666667;5,92074964820264;2,76059636757929;na;na;4,51612903225806;0,50031435965669;na;0,06568388930497;0,460576483147781;4,22815753734722;na;na;na;7,39561741613133;5,96472619634928;1,71874102814394;3,07487053800846;2,38028654168572;na;1,72811059907834;2,16440927987126;9,77360813756357;5;0,438546853779991;0,285126147999578;0,868802619270346;na;1,32326874885398;1,29967530400458;0,515007244876837;3,58313312898683;na;6,67337137227536;1,53553218172997;0,850073771422086;0,049010470917165;0,715177041819879;na;0,415354566109937;0,877008905722183
hotelroom;hotel rooms;0,615138341803713;0,135853156223724;0,044802288247326;0,595795793462367;0,495009298913136;1,02900733304699;3,30388234498159;0,210678322753958;1,11035626805594;0,001988838553907;na;0,676578789363553;0,13881019627241;na;0,28014043215462;0,497545349794426;0,516175821816578;0,486992558470118;1,0391955157139;1,74420798443639;0,05752503649435;0,035296643779408;0,460736551673384;0,144447469616663;na;2,28097981654063;0,012841366015835;0,621748565998731;0,106074098651539;0,513913868194661;0,004346848625189;1,14832149658902;0,160651992714475;1,93867707298155;3,53337837872207;1,29651413709128;0,802516221653379;0,717553769397933;0,44532109687794;0,21116604167634;0,160947579067752;1,23209778940007;0,034566392521891;1,07241427299497;0,990259815722152;na;0,292334528776013;0,824755858061392;1,16535461636133;0,114465898153826;3,84861335815764;0,31781707195724;0,042263892550487;na;na;0,26208121322814;1,2338974796055;0,753859959082425;4,25745127225419;0,006766677474747;0,266557568154527;0,115907797548798;1,35802499912747;0,606801799733713;1,7950199546118;0,992596267721782;1,0926050336695;0,33548562910461;0,364742716427631;0,067516075878028;1,65904823988476;0,193308763001581;0,06819317906958;0,737807225261586;0,639807496109731;0,558812973325966;0,156760796278577;na;0,493860603645126;1,27333601357246;0,448117283357975;na;na;0,9242681505568;0,060818747512402;4,03724972705312;na;1,06839009246307;0,615175632429763;0,094231988168181;0,21868569442462;2,68558695907119;0,325289217164835;0,116913930624978;na;0,731858888508469;0,067962809620393;0,724041657040911;1,85145706001377;0,260969660065546;0,168671760427086;1,66713900567999;0,421028837455692;0,02515878876861;0,770533844956811;0,233376991195656;0,888231593585484;0,027849344188405;0,427935223343704;1,70061002253996;na;0,953580445064832;0,761926341351068;0,351569151395947;0,070392233007102;1,61343604159703;0,170340909571248;0,372486495815882;5,9388792087059;0,031137653305283;1,17131212723304;0,736926394862251;1,10840799168549;0,161503161406753;1,9741485167878;0,167813840701362;na;0,218613366645846;1,2212070549271;1,67025414666661;0,794611798209315;na;0,072317376291557;1,07638147393867;0,564667214461791;1,01602245622165;0,535516617619266;0,179883491513744;0,151780595277494;1,34486932559728;1,19943322387725;1,59832744020986;0,456416161876605;0,470296445280391;0,531710012895015;0,143458792069854;0,190024294889532;0,039219828499912
carrental;presence of major car rental companies, 1-7 (best);6;1;5;7;6;7;7;3;6;1;na;7;3;na;5;6;4;5;3;7;2;0;4;2;6;1;1;6;3;5;2;7;3;7;7;7;7;7;6;4;4;7;0;6;7;na;1;7;7;1;7;6;1;na;5;5;2;7;7;3;1;1;7;7;7;7;6;6;3;3;3;6;0;3;6;5;2;0;7;7;6;na;1;5;3;6;2;6;7;4;1;5;6;4;na;5;1;7;7;6;3;6;6;4;6;5;7;6;7;7;na;7;7;3;1;5;5;6;4;1;5;6;7;6;7;4;na;3;6;7;3;0;2;7;7;5;7;1;6;7;7;7;7;3;2;2;2;5
atmperadult;automated teller machines, per 100,000 adults;31,4715787816091;9,38457259774621;18,8291982804113;59,3912567589881;63,6900559474269;162,006414229827;115,303520800955;32,127577209281;31,7;8,07270767848028;na;88,3578637239566;4,8456210878854;na;40,2254904127924;51,1041688250624;32,5711555698903;106,780645806908;68,4865087638488;95,1288445623194;3,97280208288881;1,39618221729249;16,728591244419;3,64081925081596;227,823571113408;46,9388771905902;1,53636200650402;52,979852572543;81,4514790150893;41,840114881998;1,3134717489593;64,8836244294391;6,86403889602444;140,381651016327;48,5203336894209;55,6509853157935;50,0573547095148;39,0152088377724;50,2806115373074;13,4459216227963;37,2643558448041;67,9896269948574;0,460257139743655;32,5151160222015;104,437176142192;na;13,1646379019329;75,9305312960324;119,257221466861;11,5308728684598;61,5326147029168;36,0577787443354;2,24702055288417;na;1,9699901215185;23,8899011877055;50,6599520412501;60,9371530466981;89,4708685093882;22,0651156767536;55,6141943330245;76,4881431511103;89,500261429938;121,258372180984;92,400918600721;31,7897826742998;127,766988406163;27,9981513549379;74,5997409588432;9,27118049354794;271,875418183599;64,4286074046025;33,4303962512572;26,0924502657476;61,8848925513333;40,6584879403334;12,7203187797641;1,78764096542146;46,7498907877671;115,39664963297;59,4074010904226;na;4,92466344449056;46,7511306545785;4,68751381618064;55,2540839817784;9,70454324014513;43,5042726807687;53,5322710277067;36,7432857506673;88,6354992416689;80,8327109085359;26,9793106722538;8,93156667799138;na;64,4138436085555;10,2756014066069;44,6135987317096;65,8806935257668;17,6546470022455;16,3208603511276;36,377237901599;37,7106153037236;10,4352180086228;70,6637791849304;27,116664666882;106,572407542271;28,3058133893016;68,4850919669663;168,039179211895;na;59,0419541038998;66,6932347677366;163,926125254343;5,55532598406579;74,3750354978215;5,50917841645041;45,7658986412207;79,1637695257869;0,367074180185703;65,1584861594183;60,6883744524428;93,6550563235978;67,9308577528931;111,834936211599;17,162453698931;na;30,0408695550924;31,9788182104324;97,7698228210451;144,018397314328;10,3477485527314;5,99725981778692;117,279135273802;43,0839649399632;27,4409446323334;78,1241786939498;4,06023569355875;97,6706672452382;65,5058467242258;128,126940951724;173,903310195759;84,7262904726532;46,6166582431273;24,3360147797111;6,27655854794444;11,2933897649682;5,79291054758335
natheritgsite;number of world heritage natural sites;1;0,5;0;5;0;14;1;0;0;1;na;1;1;na;1;0;1;7;0;3;1;0;0;2;10,5;0;1,5;0;15;2,5;5;3;3;2;0;0;3;0;2;1;0;0;1;1;4,5;na;0;0;3;0;1;0,5;1;na;0;1;na;1;1;7,5;4;1;0;0;5;0,5;4;0,5;2;3;1;0;1;0;0;0;0,5;0;0;0;0,5;na;1;2;0,5;0;1;0;7;0;2;1;0;0;na;1;2;1;2,5;0;0;1;0;0;3;0;3;3;1;1;na;0;2;11;0;0;2;0;2;0;0;2;2;4,5;5;2;na;0;1,5;3;na;1;3,5;2;0;1;1;2;1;0;4,5;12,5;0;1;2,5;1;1;2
knowspecies;total known species;392;435;1310;1535;397;1301;412;464;240;784;na;351;753;na;2044;379;729;3315;607;446;601;772;740;1427;772;114;672;645;2175;3088;1759;1274;1024;424;312;384;355;332;2489;496;691;322;1154;330;516;na;614;396;431;1018;473;1071;950;na;353;1038;278;383;135;1895;2788;690;263;508;509;252;646;423;611;1539;455;329;403;1013;341;373;332;787;317;254;414;na;913;1293;736;232;598;98;1991;317;503;412;480;987;na;845;1055;364;281;954;1252;337;406;822;1328;935;2907;915;392;424;na;253;438;991;870;489;785;424;136;833;455;397;396;1189;538;600;na;625;360;388;515;399;1642;1387;555;404;576;1396;448;343;350;1574;562;2083;1324;442;1059;890
sumprotarea;total protected areas;13,5256825491485;7,10549311732352;5,00471082728009;7,40512875012761;23,1105028060216;29,7087937305528;28,3979816556051;5,51915683577014;1,68635200570205;4,88864858128713;na;24,6491730272904;23,4719085609043;na;30,8654914952935;1,39514750796966;29,1432374214094;28,5782526119273;8,98950185960816;28,2969904804196;14,9228805539331;7,59147170587878;20,649495414341;10,3821451142253;6,47719362274678;0,015591705227887;20,3544358034532;27,0392385768099;14,5876416474392;15,6885212658182;13,7567562191358;3,03538959317313;14,8915471093909;23,5817265852557;1,68708521970488;22,1556760039807;17,9276418331277;19,2157370412977;14,955139706334;11,5507970192091;2,15167925790249;19,508099047707;18,4749603066502;14,1603139347862;33,2074996806332;na;1,36615407157188;6,44294931342771;38,7874034693079;7,79471942096576;11,0283505287585;10,121112637184;24,7992849458716;na;0,353092294045252;10,8637009278591;48,9255047485728;22,5975581595624;2,50646684968118;3,47930689489956;5,26823344567267;7,6665206734854;4,04223100626643;8,58271221861595;13,3653061047713;1,40564285524534;10,0262887092871;1,80598714296253;3,21716402649566;10,5050828924669;3,99024573773508;10,9989577458097;6,7026929831278;16,6822056274146;17,5110476673142;1,04272663197996;0,261388681242792;1,21108630778072;17,7642086947157;40,8727413785501;9,65406515792626;na;22,8760477102777;8,98554474171629;8,2316100550726;6,40936429280157;1,08070301487219;0,011473419674755;19,0562399200344;4,1505345485515;17,7138825654778;4,16037736573469;18,446888209998;13,4487158907383;na;23,2471700646525;23,6260419833246;21,2099164976154;30,5050632239854;15,507104242217;11,6106996068528;5,06077998767431;1,01831171985263;9,7949542203294;5,23498101828947;14,3147360800329;13,1411661261544;3,14140839390029;38,0635379967455;16,8854244048969;na;4,72319541989257;24,3099366537139;7,61624908474412;9,11408907313889;4,52837236301312;14,5770722670553;6,61310734024646;0,051368668132018;3,2969497958773;2,46306282917716;37,6304133373472;55,0732581875932;10,2606485926041;14,9740098076054;3,37864252327298;na;4,23300820628733;14,9669469297684;9,66518426119507;2,8984131504422;22,2786610881726;30,9703296098506;12,5097581187036;2,01442316051301;5,20859939962545;0,190652366562585;16,0639496289362;3,88167902094994;15,0438947733197;28,8252338951318;26,328083601169;2,29507712745326;36,9025524393404;2,92950692092655;0,605801443960698;37,8700104508234;27,2145851759137
natourdem;natural tourism digital demand;15,4713915896628;2,08616369375544;1,77418994304894;16,2092746802164;1,1096744875726;52,6179719152292;63,1430147645603;1,01630014805461;2,15374564953982;1,44865717259485;na;11,0150656578067;0,364649080676316;na;4,10521469879477;1,8915859600099;8,77754742053052;56,1264828141636;0,714239073518296;19,2927127728822;0,107133876313984;0,11803093201559;20,4018082271836;0,757983390567346;61,4010219282272;9,78704790138234;0,138972275803735;14,4487569575622;44,7269904735663;27,8795358172485;0,324216304936182;82,9910801722356;0,229769105565234;85,1184985383043;22,3585538543419;11,6520811112997;14,6222925986107;21,6531749521264;15,451508035923;19,1944157725802;8,26105712644827;1,77249228745034;1,65443404398693;13,0861291317172;58,9874904398907;na;3,91211658259337;8,85857257140228;23,110745650026;4,0931856383381;50,5749159407242;8,73453981692467;0,721343432653375;na;5,69333232233558;7,73859878966431;10,2705694225157;3,84316976641692;45,0574666891766;24,8824088947325;18,0159239717129;5,41048078894394;27,9574454332876;8,23282426429412;91,9459643149793;26,6092843146716;47,815153727388;5,86163253189864;1,25263986449066;36,0068940301622;14,4618847751609;1,40855099646003;1,37279686006409;3,35307164321489;1,45518080672946;4,9574589228708;0,884504853852821;0,620820940462662;1,23085885707952;4,17304384654131;0,759790223135512;na;2,73966923762007;25,5202542695172;0,976037203967944;50,8150029137978;0,649735570756286;19,1885695023348;71,3808725264421;0,273764376250792;2,89628705300986;14,536229582475;34,0484625398352;9,70208193279478;na;11,5901616387214;20,3417722983678;18,0904827903917;53,7411277600183;14,5760216219695;0,857347286470145;44,3029148803899;10,3826383300771;2,60996265504532;35,3966426963844;1,9045729384051;32,6133757470715;33,6243338798403;13,3170769409187;78,5504261937123;na;2,68938596531739;7,74067603212869;19,2763404427163;1,78066357476267;1,23306913333461;4,93673720918654;1,49327190265971;8,59109652795051;1,0603917237045;28,0216877331636;3,80677153956804;18,8156701972881;35,8650940287368;61,2738037484053;51,9259179656169;na;0,375193433755766;27,5064691563192;34,1062185681014;10,8007519456576;0,271542833833262;24,913915905433;82,653064843029;4,87222760923844;7,84165996185214;32,5153487886835;3,61732173574646;2,90221673352479;1,00137768781505;57,9501159157933;18,5059591403139;12,2797145840113;13,0936158882642;40,0288294758082;1,45305320422128;2,99987535212823;2,20359283188806
cultheritgsite;number of world heritage cultural sites;2;6,5;1;6;3;5;9;2;2;2;na;12;1;na;6;3;1;14;0;7;1;0;3;0;8,5;1;0,5;6;38;6,5;0;1;1;8;3;12;7;1;3;6;1;2;8;6;39,5;na;2;3;41;2;17;2,5;0;na;1;1;na;7;1;29,5;4;22;2;9;49;0,5;18;4,5;3;4;12;0;2;2;2;5;0,5;0;4;1;0,5;na;1;2;3,5;3;1;2;28;1;3;3;9;1;na;1;2;9;0,5;2;2;7;5;6;2;1;9;3;14;14;na;1;6;17;0;5;5;5;0;0;1;5;2;5,5;42;6;na;0;13,5;9;na;1;3,5;3;0;7;17;1;6;1;26,5;10,5;2;2;5,5;3;0;3
intangheritage;oral and intangible cultural heritage;1;7;0;2;5;0;6;13;0;4;na;13;1;na;6;3;2;8;0;7;1;1;5;0;0;0;0;2;40;10;0;1;3;17;4;6;0;3;3;3;0;4;3;0;17;na;1;4;4;0;6;3;1;na;0;1;na;6;0;13;9;13;2;0;9;2;21;2;10;3;22;0;8;1;2;1;0;0;3;1;5;na;5;2;8;0;1;3;10;3;14;0;7;2;na;1;0;1;0;2;4;1;15;3;2;0;11;3;1;7;na;3;7;2;0;6;2;3;0;0;0;6;4;0;18;1;na;0;1;4;na;4;0;1;0;1;17;6;2;8;0;0;2;6;12;1;3;1
stadium;sports stadiums;1;13;3;45;1;42;5;2;2;6;na;8;2;na;11;1;2;71;1;9;2;0;1;3;20;0;0;9;143;16;4;3;2;2;3;2;3;1;7;12;2;0;4;2;35;na;1;2;64;3;9;1;2;na;0;2;3;4;0;77;29;12;17;3;43;2;84;0;2;2;62;2;1;1;0;3;0;1;0;0;1;na;3;19;2;0;0;0;38;0;0;0;7;2;na;1;0;11;11;1;11;5;1;11;3;4;17;2;12;16;na;3;10;37;2;9;1;3;0;2;2;1;1;37;34;6;na;0;7;4;9;1;3;9;2;4;23;3;15;9;83;302;7;14;13;4;2;3
nrfairex;number of international association meetings;6;5,33333333333333;2,33333333333333;189,333333333333;6,66666666666667;238,666666666667;269;8,66666666666667;7;6;na;206;2,33333333333333;na;20,3333333333333;12;3,33333333333333;257,666666666667;2;32,3333333333333;1,66666666666667;1,33333333333333;11,6666666666667;4;318,333333333333;1,33333333333333;0,333333333333333;113,666666666667;373;142,333333333333;1,33333333333333;34,6666666666667;6,33333333333333;91;36;165,666666666667;195,666666666667;29,6666666666667;39,6666666666667;19;8,66666666666667;61,6666666666667;13,6666666666667;158,333333333333;524,333333333333;na;1,66666666666667;13,6666666666667;679,333333333333;12,6666666666667;154,666666666667;23,3333333333333;0;na;1,33333333333333;8;110;133,333333333333;37,6666666666667;150;87;12,6666666666667;146,666666666667;37;495,666666666667;5,33333333333333;393;11;8,33333333333333;18;271;5,66666666666667;0,666666666666667;2,51918735891648;44;5,33333333333333;0,333333333333333;0;41;26,3333333333333;7,66666666666667;na;2,66666666666667;113,333333333333;0,333333333333333;37;1;6,33333333333333;188;2,66666666666667;5,33333333333333;9;35,3333333333333;5;na;3,75169300225734;11,3333333333333;336;57,3333333333333;7;9,66666666666667;148;8,66666666666667;3,66666666666667;40,6666666666667;25,3333333333333;99,6666666666667;59,6666666666667;201,333333333333;287,666666666667;na;15;72;82;17,3333333333333;4,66666666666667;6,66666666666667;67;0,333333333333333;0,333333333333333;155,666666666667;28;68,6666666666667;118,333333333333;556,333333333333;20,6666666666667;na;0,666666666666667;243,666666666667;202,666666666667;135,333333333333;0;12,3333333333333;162,666666666667;8,66666666666667;13;123,666666666667;8,66666666666667;8,66666666666667;87,6666666666667;585,333333333333;933,333333333333;61;11,6666666666667;49,3333333333333;0;5,21670428893905;6,33333333333333
cultourdem;cultural and entertainment tourism digital demand;1,90711638656393;1,98094346010739;1,48167026550204;32,1401402203657;3,00275020475199;39,0869627854537;15,3666414320278;1,31571046835607;5,09142070910253;4,20811022870131;na;29,6327121641578;0,50605249231895;na;5,89694273204353;7,89015006697393;0,909533575742282;58,0557919616462;1,60529521899823;5,00797213168132;0,480680884538283;0,298254353925611;8,77129646723373;2,96598127007618;38,4101224901419;1,1106128807988;0,590022305362693;16,8504133362731;99,8488737762665;15,4560898711449;0,865442102139584;14,8329080127614;0,345921147874962;20,5866981021332;6,78587981360399;4,71842144778383;12,3389703241843;5,96481655004378;6,98008520395115;77,4553090001818;7,97187482647282;1,99483000081869;5,62488848152545;6,87262105403575;89,6537076087528;na;0,661472495341286;7,60593234203427;91,5004125562239;5,79917007547074;35,5700037413436;7,61829143068437;0,346993497223588;na;7,08485424410587;5,31702450453928;22,6738084869215;7,37663535700449;15,7230971592504;58,2803178941995;8,16397241692621;7,56262715908194;25,7748029394853;15,6624514049217;68,9205418893478;8,40007237403677;75,3066504995573;3,27932708087721;1,762815499616;5,33923494958319;7,46946709986055;2,63276126127776;0,403200963568276;6,14017147999704;1,55732783494659;5,9144719716219;0,232340400474722;1,0709237683888;1,74338414673957;20,5287064340779;0,705089140053498;na;2,16003033779988;11,3386806661124;3,11821714049232;17,5263963763859;0,207682066242279;4,86990529100716;51,5819117235101;1,39371841610767;1,4922951508716;1,71461726141239;10,75091167737;0,763332362726634;na;1,33711959739706;10,7714128280677;14,3734758095673;17,8599333335277;3,51156170537216;7,1595501535656;7,41284192923753;1,91157541959652;9,65166667551149;8,93419764394353;3,71726984137614;15,6340542169588;13,7600037119548;17,5052004856084;30,9161039869699;na;4,4717153418382;6,95048769267715;30,6252595932802;1,01263761463582;5,09369098036994;2,53482669797103;1,47273560974957;0,924958276886634;0,637454267966449;40,662679993499;1,87217658626442;4,70816043976411;9,7221578919395;74,1311952328185;12,4068335677138;na;0,49070278916549;14,0698338872098;17,4225152512808;15,0313899654799;0,445511592846622;1,15685894155299;25,5299993570201;6,36975410365648;2,98284023522446;18,1849263193014;1,76779592473103;6,31851867441592;1,23657508403395;59,8937711598148;27,0801174162736;5,3859206012077;6,56846648502108;24,7169133863987;0,951633155896858;0,718423467752896;1,69461441922428
